task_file,demo,interval_id,start,end,length,start_fraction,end_fraction
pick_up_the_black_bowl_between_the_plate_and_the_ramekin_and_place_it_on_the_plate_demo.hdf5,demo_0,0,36,84,49,0.3673469387755102,0.8571428571428571
pick_up_the_black_bowl_between_the_plate_and_the_ramekin_and_place_it_on_the_plate_demo.hdf5,demo_1,0,35,72,38,0.4166666666666667,0.8571428571428571
pick_up_the_black_bowl_between_the_plate_and_the_ramekin_and_place_it_on_the_plate_demo.hdf5,demo_2,0,39,82,44,0.43333333333333335,0.9111111111111111
pick_up_the_black_bowl_between_the_plate_and_the_ramekin_and_place_it_on_the_plate_demo.hdf5,demo_3,0,40,83,44,0.41237113402061853,0.8556701030927835
pick_up_the_black_bowl_between_the_plate_and_the_ramekin_and_place_it_on_the_plate_demo.hdf5,demo_4,0,50,91,42,0.47619047619047616,0.8666666666666667
pick_up_the_black_bowl_between_the_plate_and_the_ramekin_and_place_it_on_the_plate_demo.hdf5,demo_5,0,38,88,51,0.2835820895522388,0.6567164179104478
pick_up_the_black_bowl_between_the_plate_and_the_ramekin_and_place_it_on_the_plate_demo.hdf5,demo_6,0,32,77,46,0.34782608695652173,0.8369565217391305
pick_up_the_black_bowl_between_the_plate_and_the_ramekin_and_place_it_on_the_plate_demo.hdf5,demo_7,0,33,77,45,0.358695652173913,0.8369565217391305
pick_up_the_black_bowl_between_the_plate_and_the_ramekin_and_place_it_on_the_plate_demo.hdf5,demo_8,0,31,71,41,0.3924050632911392,0.8987341772151899
pick_up_the_black_bowl_between_the_plate_and_the_ramekin_and_place_it_on_the_plate_demo.hdf5,demo_9,0,36,77,42,0.4044943820224719,0.8651685393258427
pick_up_the_black_bowl_between_the_plate_and_the_ramekin_and_place_it_on_the_plate_demo.hdf5,demo_10,0,43,83,41,0.46236559139784944,0.8924731182795699
pick_up_the_black_bowl_between_the_plate_and_the_ramekin_and_place_it_on_the_plate_demo.hdf5,demo_11,0,39,58,20,0.3046875,0.453125
pick_up_the_black_bowl_between_the_plate_and_the_ramekin_and_place_it_on_the_plate_demo.hdf5,demo_11,1,71,114,44,0.5546875,0.890625
pick_up_the_black_bowl_between_the_plate_and_the_ramekin_and_place_it_on_the_plate_demo.hdf5,demo_12,0,39,76,38,0.45348837209302323,0.8837209302325582
pick_up_the_black_bowl_between_the_plate_and_the_ramekin_and_place_it_on_the_plate_demo.hdf5,demo_13,0,37,76,40,0.42045454545454547,0.8636363636363636
pick_up_the_black_bowl_between_the_plate_and_the_ramekin_and_place_it_on_the_plate_demo.hdf5,demo_14,0,43,46,4,0.38392857142857145,0.4107142857142857
pick_up_the_black_bowl_between_the_plate_and_the_ramekin_and_place_it_on_the_plate_demo.hdf5,demo_14,1,68,107,40,0.6071428571428571,0.9553571428571429
pick_up_the_black_bowl_between_the_plate_and_the_ramekin_and_place_it_on_the_plate_demo.hdf5,demo_14,2,110,111,2,0.9821428571428571,0.9910714285714286
pick_up_the_black_bowl_between_the_plate_and_the_ramekin_and_place_it_on_the_plate_demo.hdf5,demo_15,0,36,74,39,0.42857142857142855,0.8809523809523809
pick_up_the_black_bowl_between_the_plate_and_the_ramekin_and_place_it_on_the_plate_demo.hdf5,demo_16,0,36,80,45,0.4044943820224719,0.898876404494382
pick_up_the_black_bowl_between_the_plate_and_the_ramekin_and_place_it_on_the_plate_demo.hdf5,demo_17,0,38,84,47,0.3917525773195876,0.865979381443299
pick_up_the_black_bowl_between_the_plate_and_the_ramekin_and_place_it_on_the_plate_demo.hdf5,demo_17,1,89,96,8,0.9175257731958762,0.9896907216494846
pick_up_the_black_bowl_between_the_plate_and_the_ramekin_and_place_it_on_the_plate_demo.hdf5,demo_18,0,29,65,37,0.38666666666666666,0.8666666666666667
pick_up_the_black_bowl_between_the_plate_and_the_ramekin_and_place_it_on_the_plate_demo.hdf5,demo_19,0,47,85,39,0.47474747474747475,0.8585858585858586
pick_up_the_black_bowl_between_the_plate_and_the_ramekin_and_place_it_on_the_plate_demo.hdf5,demo_20,0,38,77,40,0.4367816091954023,0.8850574712643678
pick_up_the_black_bowl_between_the_plate_and_the_ramekin_and_place_it_on_the_plate_demo.hdf5,demo_21,0,38,105,68,0.3140495867768595,0.8677685950413223
pick_up_the_black_bowl_between_the_plate_and_the_ramekin_and_place_it_on_the_plate_demo.hdf5,demo_22,0,42,81,40,0.4375,0.84375
pick_up_the_black_bowl_between_the_plate_and_the_ramekin_and_place_it_on_the_plate_demo.hdf5,demo_23,0,34,77,44,0.4,0.9058823529411765
pick_up_the_black_bowl_between_the_plate_and_the_ramekin_and_place_it_on_the_plate_demo.hdf5,demo_24,0,34,81,48,0.34,0.81
pick_up_the_black_bowl_between_the_plate_and_the_ramekin_and_place_it_on_the_plate_demo.hdf5,demo_25,0,36,90,55,0.3956043956043956,0.989010989010989
pick_up_the_black_bowl_between_the_plate_and_the_ramekin_and_place_it_on_the_plate_demo.hdf5,demo_26,0,41,89,49,0.3904761904761905,0.8476190476190476
pick_up_the_black_bowl_between_the_plate_and_the_ramekin_and_place_it_on_the_plate_demo.hdf5,demo_27,0,43,96,54,0.3805309734513274,0.8495575221238938
pick_up_the_black_bowl_between_the_plate_and_the_ramekin_and_place_it_on_the_plate_demo.hdf5,demo_28,0,31,76,46,0.33695652173913043,0.8260869565217391
pick_up_the_black_bowl_between_the_plate_and_the_ramekin_and_place_it_on_the_plate_demo.hdf5,demo_29,0,33,105,73,0.2661290322580645,0.8467741935483871
pick_up_the_black_bowl_between_the_plate_and_the_ramekin_and_place_it_on_the_plate_demo.hdf5,demo_30,0,32,54,23,0.25196850393700787,0.4251968503937008
pick_up_the_black_bowl_between_the_plate_and_the_ramekin_and_place_it_on_the_plate_demo.hdf5,demo_30,1,67,111,45,0.5275590551181102,0.8740157480314961
pick_up_the_black_bowl_between_the_plate_and_the_ramekin_and_place_it_on_the_plate_demo.hdf5,demo_30,2,113,113,1,0.889763779527559,0.889763779527559
pick_up_the_black_bowl_between_the_plate_and_the_ramekin_and_place_it_on_the_plate_demo.hdf5,demo_31,0,37,65,29,0.24503311258278146,0.4304635761589404
pick_up_the_black_bowl_between_the_plate_and_the_ramekin_and_place_it_on_the_plate_demo.hdf5,demo_31,1,99,141,43,0.6556291390728477,0.9337748344370861
pick_up_the_black_bowl_between_the_plate_and_the_ramekin_and_place_it_on_the_plate_demo.hdf5,demo_32,0,40,83,44,0.43010752688172044,0.8924731182795699
pick_up_the_black_bowl_between_the_plate_and_the_ramekin_and_place_it_on_the_plate_demo.hdf5,demo_33,0,37,94,58,0.3333333333333333,0.8468468468468469
pick_up_the_black_bowl_between_the_plate_and_the_ramekin_and_place_it_on_the_plate_demo.hdf5,demo_34,0,56,90,35,0.33532934131736525,0.5389221556886228
pick_up_the_black_bowl_between_the_plate_and_the_ramekin_and_place_it_on_the_plate_demo.hdf5,demo_34,1,118,155,38,0.7065868263473054,0.9281437125748503
pick_up_the_black_bowl_between_the_plate_and_the_ramekin_and_place_it_on_the_plate_demo.hdf5,demo_35,0,42,88,47,0.47191011235955055,0.9887640449438202
pick_up_the_black_bowl_between_the_plate_and_the_ramekin_and_place_it_on_the_plate_demo.hdf5,demo_36,0,36,87,52,0.35294117647058826,0.8529411764705882
pick_up_the_black_bowl_between_the_plate_and_the_ramekin_and_place_it_on_the_plate_demo.hdf5,demo_37,0,41,78,38,0.24404761904761904,0.4642857142857143
pick_up_the_black_bowl_between_the_plate_and_the_ramekin_and_place_it_on_the_plate_demo.hdf5,demo_37,1,102,156,55,0.6071428571428571,0.9285714285714286
pick_up_the_black_bowl_between_the_plate_and_the_ramekin_and_place_it_on_the_plate_demo.hdf5,demo_38,0,33,78,46,0.3707865168539326,0.8764044943820225
pick_up_the_black_bowl_between_the_plate_and_the_ramekin_and_place_it_on_the_plate_demo.hdf5,demo_39,0,38,96,59,0.35185185185185186,0.8888888888888888
pick_up_the_black_bowl_between_the_plate_and_the_ramekin_and_place_it_on_the_plate_demo.hdf5,demo_40,0,40,84,45,0.42105263157894735,0.8842105263157894
pick_up_the_black_bowl_between_the_plate_and_the_ramekin_and_place_it_on_the_plate_demo.hdf5,demo_41,0,43,84,42,0.45263157894736844,0.8842105263157894
pick_up_the_black_bowl_between_the_plate_and_the_ramekin_and_place_it_on_the_plate_demo.hdf5,demo_42,0,37,95,59,0.3394495412844037,0.8715596330275229
pick_up_the_black_bowl_between_the_plate_and_the_ramekin_and_place_it_on_the_plate_demo.hdf5,demo_43,0,43,79,37,0.4479166666666667,0.8229166666666666
pick_up_the_black_bowl_between_the_plate_and_the_ramekin_and_place_it_on_the_plate_demo.hdf5,demo_44,0,35,72,38,0.3977272727272727,0.8181818181818182
pick_up_the_black_bowl_between_the_plate_and_the_ramekin_and_place_it_on_the_plate_demo.hdf5,demo_45,0,35,80,46,0.3888888888888889,0.8888888888888888
pick_up_the_black_bowl_between_the_plate_and_the_ramekin_and_place_it_on_the_plate_demo.hdf5,demo_46,0,31,71,41,0.36470588235294116,0.8352941176470589
pick_up_the_black_bowl_between_the_plate_and_the_ramekin_and_place_it_on_the_plate_demo.hdf5,demo_47,0,39,79,41,0.42391304347826086,0.8586956521739131
pick_up_the_black_bowl_between_the_plate_and_the_ramekin_and_place_it_on_the_plate_demo.hdf5,demo_48,0,35,81,47,0.3645833333333333,0.84375
pick_up_the_black_bowl_between_the_plate_and_the_ramekin_and_place_it_on_the_plate_demo.hdf5,demo_49,0,37,77,41,0.40217391304347827,0.8369565217391305
pick_up_the_black_bowl_from_table_center_and_place_it_on_the_plate_demo.hdf5,demo_0,0,35,98,64,0.33980582524271846,0.9514563106796117
pick_up_the_black_bowl_from_table_center_and_place_it_on_the_plate_demo.hdf5,demo_1,0,50,117,68,0.4065040650406504,0.9512195121951219
pick_up_the_black_bowl_from_table_center_and_place_it_on_the_plate_demo.hdf5,demo_2,0,36,108,73,0.29508196721311475,0.8852459016393442
pick_up_the_black_bowl_from_table_center_and_place_it_on_the_plate_demo.hdf5,demo_3,0,30,95,66,0.29411764705882354,0.9313725490196079
pick_up_the_black_bowl_from_table_center_and_place_it_on_the_plate_demo.hdf5,demo_4,0,40,103,64,0.36036036036036034,0.9279279279279279
pick_up_the_black_bowl_from_table_center_and_place_it_on_the_plate_demo.hdf5,demo_5,0,46,99,54,0.4144144144144144,0.8918918918918919
pick_up_the_black_bowl_from_table_center_and_place_it_on_the_plate_demo.hdf5,demo_5,1,106,110,5,0.954954954954955,0.990990990990991
pick_up_the_black_bowl_from_table_center_and_place_it_on_the_plate_demo.hdf5,demo_6,0,38,98,61,0.3486238532110092,0.8990825688073395
pick_up_the_black_bowl_from_table_center_and_place_it_on_the_plate_demo.hdf5,demo_7,0,42,113,72,0.34146341463414637,0.9186991869918699
pick_up_the_black_bowl_from_table_center_and_place_it_on_the_plate_demo.hdf5,demo_8,0,42,97,56,0.3783783783783784,0.8738738738738738
pick_up_the_black_bowl_from_table_center_and_place_it_on_the_plate_demo.hdf5,demo_9,0,40,103,64,0.36363636363636365,0.9363636363636364
pick_up_the_black_bowl_from_table_center_and_place_it_on_the_plate_demo.hdf5,demo_10,0,36,102,67,0.3302752293577982,0.9357798165137615
pick_up_the_black_bowl_from_table_center_and_place_it_on_the_plate_demo.hdf5,demo_11,0,32,100,69,0.31683168316831684,0.9900990099009901
pick_up_the_black_bowl_from_table_center_and_place_it_on_the_plate_demo.hdf5,demo_12,0,37,105,69,0.29838709677419356,0.8467741935483871
pick_up_the_black_bowl_from_table_center_and_place_it_on_the_plate_demo.hdf5,demo_13,0,34,96,63,0.2786885245901639,0.7868852459016393
pick_up_the_black_bowl_from_table_center_and_place_it_on_the_plate_demo.hdf5,demo_13,1,100,111,12,0.819672131147541,0.9098360655737705
pick_up_the_black_bowl_from_table_center_and_place_it_on_the_plate_demo.hdf5,demo_14,0,38,100,63,0.3333333333333333,0.8771929824561403
pick_up_the_black_bowl_from_table_center_and_place_it_on_the_plate_demo.hdf5,demo_15,0,69,126,58,0.5073529411764706,0.9264705882352942
pick_up_the_black_bowl_from_table_center_and_place_it_on_the_plate_demo.hdf5,demo_16,0,39,96,58,0.37142857142857144,0.9142857142857143
pick_up_the_black_bowl_from_table_center_and_place_it_on_the_plate_demo.hdf5,demo_17,0,46,78,33,0.2804878048780488,0.47560975609756095
pick_up_the_black_bowl_from_table_center_and_place_it_on_the_plate_demo.hdf5,demo_17,1,106,154,49,0.6463414634146342,0.9390243902439024
pick_up_the_black_bowl_from_table_center_and_place_it_on_the_plate_demo.hdf5,demo_18,0,36,97,62,0.3364485981308411,0.9065420560747663
pick_up_the_black_bowl_from_table_center_and_place_it_on_the_plate_demo.hdf5,demo_19,0,35,91,57,0.35714285714285715,0.9285714285714286
pick_up_the_black_bowl_from_table_center_and_place_it_on_the_plate_demo.hdf5,demo_20,0,31,106,76,0.26495726495726496,0.905982905982906
pick_up_the_black_bowl_from_table_center_and_place_it_on_the_plate_demo.hdf5,demo_21,0,40,94,55,0.37037037037037035,0.8703703703703703
pick_up_the_black_bowl_from_table_center_and_place_it_on_the_plate_demo.hdf5,demo_22,0,41,97,57,0.3504273504273504,0.8290598290598291
pick_up_the_black_bowl_from_table_center_and_place_it_on_the_plate_demo.hdf5,demo_22,1,103,104,2,0.8803418803418803,0.8888888888888888
pick_up_the_black_bowl_from_table_center_and_place_it_on_the_plate_demo.hdf5,demo_22,2,106,106,1,0.905982905982906,0.905982905982906
pick_up_the_black_bowl_from_table_center_and_place_it_on_the_plate_demo.hdf5,demo_22,3,112,116,5,0.9572649572649573,0.9914529914529915
pick_up_the_black_bowl_from_table_center_and_place_it_on_the_plate_demo.hdf5,demo_23,0,45,103,59,0.38461538461538464,0.8803418803418803
pick_up_the_black_bowl_from_table_center_and_place_it_on_the_plate_demo.hdf5,demo_24,0,37,98,62,0.3490566037735849,0.9245283018867925
pick_up_the_black_bowl_from_table_center_and_place_it_on_the_plate_demo.hdf5,demo_25,0,39,106,68,0.3333333333333333,0.905982905982906
pick_up_the_black_bowl_from_table_center_and_place_it_on_the_plate_demo.hdf5,demo_26,0,31,105,75,0.21678321678321677,0.7342657342657343
pick_up_the_black_bowl_from_table_center_and_place_it_on_the_plate_demo.hdf5,demo_26,1,136,142,7,0.951048951048951,0.993006993006993
pick_up_the_black_bowl_from_table_center_and_place_it_on_the_plate_demo.hdf5,demo_27,0,42,112,71,0.336,0.896
pick_up_the_black_bowl_from_table_center_and_place_it_on_the_plate_demo.hdf5,demo_28,0,35,97,63,0.3153153153153153,0.8738738738738738
pick_up_the_black_bowl_from_table_center_and_place_it_on_the_plate_demo.hdf5,demo_29,0,37,98,62,0.33636363636363636,0.8909090909090909
pick_up_the_black_bowl_from_table_center_and_place_it_on_the_plate_demo.hdf5,demo_30,0,39,104,66,0.3391304347826087,0.9043478260869565
pick_up_the_black_bowl_from_table_center_and_place_it_on_the_plate_demo.hdf5,demo_31,0,33,108,76,0.27049180327868855,0.8852459016393442
pick_up_the_black_bowl_from_table_center_and_place_it_on_the_plate_demo.hdf5,demo_32,0,41,104,64,0.3445378151260504,0.8739495798319328
pick_up_the_black_bowl_from_table_center_and_place_it_on_the_plate_demo.hdf5,demo_33,0,50,112,63,0.4132231404958678,0.9256198347107438
pick_up_the_black_bowl_from_table_center_and_place_it_on_the_plate_demo.hdf5,demo_34,0,66,127,62,0.5038167938931297,0.9694656488549618
pick_up_the_black_bowl_from_table_center_and_place_it_on_the_plate_demo.hdf5,demo_35,0,60,126,67,0.42857142857142855,0.9
pick_up_the_black_bowl_from_table_center_and_place_it_on_the_plate_demo.hdf5,demo_36,0,46,107,62,0.38016528925619836,0.8842975206611571
pick_up_the_black_bowl_from_table_center_and_place_it_on_the_plate_demo.hdf5,demo_37,0,39,115,77,0.3023255813953488,0.8914728682170543
pick_up_the_black_bowl_from_table_center_and_place_it_on_the_plate_demo.hdf5,demo_38,0,42,110,69,0.3684210526315789,0.9649122807017544
pick_up_the_black_bowl_from_table_center_and_place_it_on_the_plate_demo.hdf5,demo_39,0,36,104,69,0.3130434782608696,0.9043478260869565
pick_up_the_black_bowl_from_table_center_and_place_it_on_the_plate_demo.hdf5,demo_40,0,41,104,64,0.37962962962962965,0.9629629629629629
pick_up_the_black_bowl_from_table_center_and_place_it_on_the_plate_demo.hdf5,demo_41,0,38,96,59,0.3584905660377358,0.9056603773584906
pick_up_the_black_bowl_from_table_center_and_place_it_on_the_plate_demo.hdf5,demo_42,0,45,124,80,0.32608695652173914,0.8985507246376812
pick_up_the_black_bowl_from_table_center_and_place_it_on_the_plate_demo.hdf5,demo_43,0,33,82,50,0.3548387096774194,0.8817204301075269
pick_up_the_black_bowl_from_table_center_and_place_it_on_the_plate_demo.hdf5,demo_44,0,33,91,59,0.33,0.91
pick_up_the_black_bowl_from_table_center_and_place_it_on_the_plate_demo.hdf5,demo_45,0,53,122,70,0.42063492063492064,0.9682539682539683
pick_up_the_black_bowl_from_table_center_and_place_it_on_the_plate_demo.hdf5,demo_46,0,41,121,81,0.328,0.968
pick_up_the_black_bowl_from_table_center_and_place_it_on_the_plate_demo.hdf5,demo_47,0,37,109,73,0.3162393162393162,0.9316239316239316
pick_up_the_black_bowl_from_table_center_and_place_it_on_the_plate_demo.hdf5,demo_48,0,34,116,83,0.2595419847328244,0.8854961832061069
pick_up_the_black_bowl_from_table_center_and_place_it_on_the_plate_demo.hdf5,demo_49,0,65,122,58,0.48148148148148145,0.9037037037037037
pick_up_the_black_bowl_in_the_top_drawer_of_the_wooden_cabinet_and_place_it_on_the_plate_demo.hdf5,demo_0,0,48,138,91,0.3137254901960784,0.9019607843137255
pick_up_the_black_bowl_in_the_top_drawer_of_the_wooden_cabinet_and_place_it_on_the_plate_demo.hdf5,demo_1,0,40,128,89,0.28169014084507044,0.9014084507042254
pick_up_the_black_bowl_in_the_top_drawer_of_the_wooden_cabinet_and_place_it_on_the_plate_demo.hdf5,demo_2,0,61,147,87,0.3860759493670886,0.930379746835443
pick_up_the_black_bowl_in_the_top_drawer_of_the_wooden_cabinet_and_place_it_on_the_plate_demo.hdf5,demo_3,0,39,114,76,0.3023255813953488,0.8837209302325582
pick_up_the_black_bowl_in_the_top_drawer_of_the_wooden_cabinet_and_place_it_on_the_plate_demo.hdf5,demo_4,0,48,128,81,0.3356643356643357,0.8951048951048951
pick_up_the_black_bowl_in_the_top_drawer_of_the_wooden_cabinet_and_place_it_on_the_plate_demo.hdf5,demo_5,0,53,154,102,0.33544303797468356,0.9746835443037974
pick_up_the_black_bowl_in_the_top_drawer_of_the_wooden_cabinet_and_place_it_on_the_plate_demo.hdf5,demo_6,0,47,155,109,0.281437125748503,0.9281437125748503
pick_up_the_black_bowl_in_the_top_drawer_of_the_wooden_cabinet_and_place_it_on_the_plate_demo.hdf5,demo_7,0,54,142,89,0.34615384615384615,0.9102564102564102
pick_up_the_black_bowl_in_the_top_drawer_of_the_wooden_cabinet_and_place_it_on_the_plate_demo.hdf5,demo_8,0,45,145,101,0.2830188679245283,0.9119496855345912
pick_up_the_black_bowl_in_the_top_drawer_of_the_wooden_cabinet_and_place_it_on_the_plate_demo.hdf5,demo_9,0,53,122,70,0.4015151515151515,0.9242424242424242
pick_up_the_black_bowl_in_the_top_drawer_of_the_wooden_cabinet_and_place_it_on_the_plate_demo.hdf5,demo_10,0,45,125,81,0.3237410071942446,0.8992805755395683
pick_up_the_black_bowl_in_the_top_drawer_of_the_wooden_cabinet_and_place_it_on_the_plate_demo.hdf5,demo_11,0,59,168,110,0.3241758241758242,0.9230769230769231
pick_up_the_black_bowl_in_the_top_drawer_of_the_wooden_cabinet_and_place_it_on_the_plate_demo.hdf5,demo_12,0,52,136,85,0.3586206896551724,0.9379310344827586
pick_up_the_black_bowl_in_the_top_drawer_of_the_wooden_cabinet_and_place_it_on_the_plate_demo.hdf5,demo_13,0,49,136,88,0.3475177304964539,0.9645390070921985
pick_up_the_black_bowl_in_the_top_drawer_of_the_wooden_cabinet_and_place_it_on_the_plate_demo.hdf5,demo_14,0,46,134,89,0.3333333333333333,0.9710144927536232
pick_up_the_black_bowl_in_the_top_drawer_of_the_wooden_cabinet_and_place_it_on_the_plate_demo.hdf5,demo_15,0,44,137,94,0.29333333333333333,0.9133333333333333
pick_up_the_black_bowl_in_the_top_drawer_of_the_wooden_cabinet_and_place_it_on_the_plate_demo.hdf5,demo_16,0,47,122,76,0.35877862595419846,0.9312977099236641
pick_up_the_black_bowl_in_the_top_drawer_of_the_wooden_cabinet_and_place_it_on_the_plate_demo.hdf5,demo_17,0,59,142,84,0.3782051282051282,0.9102564102564102
pick_up_the_black_bowl_in_the_top_drawer_of_the_wooden_cabinet_and_place_it_on_the_plate_demo.hdf5,demo_18,0,52,133,82,0.35135135135135137,0.8986486486486487
pick_up_the_black_bowl_in_the_top_drawer_of_the_wooden_cabinet_and_place_it_on_the_plate_demo.hdf5,demo_19,0,54,149,96,0.3333333333333333,0.9197530864197531
pick_up_the_black_bowl_in_the_top_drawer_of_the_wooden_cabinet_and_place_it_on_the_plate_demo.hdf5,demo_20,0,59,145,87,0.38562091503267976,0.9477124183006536
pick_up_the_black_bowl_in_the_top_drawer_of_the_wooden_cabinet_and_place_it_on_the_plate_demo.hdf5,demo_21,0,53,155,103,0.32515337423312884,0.950920245398773
pick_up_the_black_bowl_in_the_top_drawer_of_the_wooden_cabinet_and_place_it_on_the_plate_demo.hdf5,demo_22,0,57,134,78,0.3825503355704698,0.8993288590604027
pick_up_the_black_bowl_in_the_top_drawer_of_the_wooden_cabinet_and_place_it_on_the_plate_demo.hdf5,demo_23,0,49,154,106,0.296969696969697,0.9333333333333333
pick_up_the_black_bowl_in_the_top_drawer_of_the_wooden_cabinet_and_place_it_on_the_plate_demo.hdf5,demo_24,0,42,130,89,0.3,0.9285714285714286
pick_up_the_black_bowl_in_the_top_drawer_of_the_wooden_cabinet_and_place_it_on_the_plate_demo.hdf5,demo_25,0,54,132,79,0.3576158940397351,0.8741721854304636
pick_up_the_black_bowl_in_the_top_drawer_of_the_wooden_cabinet_and_place_it_on_the_plate_demo.hdf5,demo_26,0,50,125,76,0.33557046979865773,0.8389261744966443
pick_up_the_black_bowl_in_the_top_drawer_of_the_wooden_cabinet_and_place_it_on_the_plate_demo.hdf5,demo_26,1,137,138,2,0.9194630872483222,0.9261744966442953
pick_up_the_black_bowl_in_the_top_drawer_of_the_wooden_cabinet_and_place_it_on_the_plate_demo.hdf5,demo_27,0,44,119,76,0.3333333333333333,0.9015151515151515
pick_up_the_black_bowl_in_the_top_drawer_of_the_wooden_cabinet_and_place_it_on_the_plate_demo.hdf5,demo_28,0,55,128,74,0.3873239436619718,0.9014084507042254
pick_up_the_black_bowl_in_the_top_drawer_of_the_wooden_cabinet_and_place_it_on_the_plate_demo.hdf5,demo_29,0,51,123,73,0.3669064748201439,0.8848920863309353
pick_up_the_black_bowl_in_the_top_drawer_of_the_wooden_cabinet_and_place_it_on_the_plate_demo.hdf5,demo_30,0,54,158,105,0.3157894736842105,0.9239766081871345
pick_up_the_black_bowl_in_the_top_drawer_of_the_wooden_cabinet_and_place_it_on_the_plate_demo.hdf5,demo_31,0,56,171,116,0.29473684210526313,0.9
pick_up_the_black_bowl_in_the_top_drawer_of_the_wooden_cabinet_and_place_it_on_the_plate_demo.hdf5,demo_32,0,61,150,90,0.391025641025641,0.9615384615384616
pick_up_the_black_bowl_in_the_top_drawer_of_the_wooden_cabinet_and_place_it_on_the_plate_demo.hdf5,demo_33,0,52,131,80,0.35374149659863946,0.891156462585034
pick_up_the_black_bowl_in_the_top_drawer_of_the_wooden_cabinet_and_place_it_on_the_plate_demo.hdf5,demo_34,0,52,122,71,0.3969465648854962,0.9312977099236641
pick_up_the_black_bowl_in_the_top_drawer_of_the_wooden_cabinet_and_place_it_on_the_plate_demo.hdf5,demo_35,0,55,145,91,0.31976744186046513,0.8430232558139535
pick_up_the_black_bowl_in_the_top_drawer_of_the_wooden_cabinet_and_place_it_on_the_plate_demo.hdf5,demo_36,0,66,148,83,0.4049079754601227,0.9079754601226994
pick_up_the_black_bowl_in_the_top_drawer_of_the_wooden_cabinet_and_place_it_on_the_plate_demo.hdf5,demo_37,0,44,123,80,0.3188405797101449,0.8913043478260869
pick_up_the_black_bowl_in_the_top_drawer_of_the_wooden_cabinet_and_place_it_on_the_plate_demo.hdf5,demo_38,0,58,135,78,0.4142857142857143,0.9642857142857143
pick_up_the_black_bowl_in_the_top_drawer_of_the_wooden_cabinet_and_place_it_on_the_plate_demo.hdf5,demo_39,0,64,150,87,0.378698224852071,0.8875739644970414
pick_up_the_black_bowl_in_the_top_drawer_of_the_wooden_cabinet_and_place_it_on_the_plate_demo.hdf5,demo_40,0,58,143,86,0.36942675159235666,0.910828025477707
pick_up_the_black_bowl_in_the_top_drawer_of_the_wooden_cabinet_and_place_it_on_the_plate_demo.hdf5,demo_41,0,45,128,84,0.3358208955223881,0.9552238805970149
pick_up_the_black_bowl_in_the_top_drawer_of_the_wooden_cabinet_and_place_it_on_the_plate_demo.hdf5,demo_42,0,45,122,78,0.3543307086614173,0.9606299212598425
pick_up_the_black_bowl_in_the_top_drawer_of_the_wooden_cabinet_and_place_it_on_the_plate_demo.hdf5,demo_43,0,45,122,78,0.3284671532846715,0.8905109489051095
pick_up_the_black_bowl_in_the_top_drawer_of_the_wooden_cabinet_and_place_it_on_the_plate_demo.hdf5,demo_44,0,46,127,82,0.3357664233576642,0.927007299270073
pick_up_the_black_bowl_in_the_top_drawer_of_the_wooden_cabinet_and_place_it_on_the_plate_demo.hdf5,demo_45,0,52,154,103,0.3076923076923077,0.9112426035502958
pick_up_the_black_bowl_in_the_top_drawer_of_the_wooden_cabinet_and_place_it_on_the_plate_demo.hdf5,demo_46,0,48,136,89,0.32653061224489793,0.9251700680272109
pick_up_the_black_bowl_in_the_top_drawer_of_the_wooden_cabinet_and_place_it_on_the_plate_demo.hdf5,demo_47,0,46,138,93,0.304635761589404,0.9139072847682119
pick_up_the_black_bowl_in_the_top_drawer_of_the_wooden_cabinet_and_place_it_on_the_plate_demo.hdf5,demo_48,0,53,125,73,0.39552238805970147,0.9328358208955224
pick_up_the_black_bowl_in_the_top_drawer_of_the_wooden_cabinet_and_place_it_on_the_plate_demo.hdf5,demo_48,1,127,133,7,0.9477611940298507,0.9925373134328358
pick_up_the_black_bowl_in_the_top_drawer_of_the_wooden_cabinet_and_place_it_on_the_plate_demo.hdf5,demo_49,0,47,130,84,0.34306569343065696,0.948905109489051
pick_up_the_black_bowl_next_to_the_cookie_box_and_place_it_on_the_plate_demo.hdf5,demo_0,0,48,121,74,0.3902439024390244,0.983739837398374
pick_up_the_black_bowl_next_to_the_cookie_box_and_place_it_on_the_plate_demo.hdf5,demo_1,0,53,127,75,0.38686131386861317,0.927007299270073
pick_up_the_black_bowl_next_to_the_cookie_box_and_place_it_on_the_plate_demo.hdf5,demo_2,0,46,94,49,0.368,0.752
pick_up_the_black_bowl_next_to_the_cookie_box_and_place_it_on_the_plate_demo.hdf5,demo_3,0,45,99,55,0.4166666666666667,0.9166666666666666
pick_up_the_black_bowl_next_to_the_cookie_box_and_place_it_on_the_plate_demo.hdf5,demo_4,0,62,113,52,0.5040650406504065,0.9186991869918699
pick_up_the_black_bowl_next_to_the_cookie_box_and_place_it_on_the_plate_demo.hdf5,demo_5,0,49,115,67,0.3769230769230769,0.8846153846153846
pick_up_the_black_bowl_next_to_the_cookie_box_and_place_it_on_the_plate_demo.hdf5,demo_6,0,43,97,55,0.3467741935483871,0.782258064516129
pick_up_the_black_bowl_next_to_the_cookie_box_and_place_it_on_the_plate_demo.hdf5,demo_7,0,50,108,59,0.4065040650406504,0.8780487804878049
pick_up_the_black_bowl_next_to_the_cookie_box_and_place_it_on_the_plate_demo.hdf5,demo_8,0,47,118,72,0.3533834586466165,0.8872180451127819
pick_up_the_black_bowl_next_to_the_cookie_box_and_place_it_on_the_plate_demo.hdf5,demo_9,0,49,106,58,0.4336283185840708,0.9380530973451328
pick_up_the_black_bowl_next_to_the_cookie_box_and_place_it_on_the_plate_demo.hdf5,demo_10,0,57,115,59,0.44881889763779526,0.905511811023622
pick_up_the_black_bowl_next_to_the_cookie_box_and_place_it_on_the_plate_demo.hdf5,demo_11,0,51,107,57,0.4594594594594595,0.963963963963964
pick_up_the_black_bowl_next_to_the_cookie_box_and_place_it_on_the_plate_demo.hdf5,demo_12,0,54,117,64,0.43548387096774194,0.9435483870967742
pick_up_the_black_bowl_next_to_the_cookie_box_and_place_it_on_the_plate_demo.hdf5,demo_13,0,53,115,63,0.4274193548387097,0.9274193548387096
pick_up_the_black_bowl_next_to_the_cookie_box_and_place_it_on_the_plate_demo.hdf5,demo_14,0,46,130,85,0.3262411347517731,0.9219858156028369
pick_up_the_black_bowl_next_to_the_cookie_box_and_place_it_on_the_plate_demo.hdf5,demo_15,0,43,91,49,0.4056603773584906,0.8584905660377359
pick_up_the_black_bowl_next_to_the_cookie_box_and_place_it_on_the_plate_demo.hdf5,demo_16,0,51,101,51,0.4322033898305085,0.8559322033898306
pick_up_the_black_bowl_next_to_the_cookie_box_and_place_it_on_the_plate_demo.hdf5,demo_17,0,43,66,24,0.3049645390070922,0.46808510638297873
pick_up_the_black_bowl_next_to_the_cookie_box_and_place_it_on_the_plate_demo.hdf5,demo_17,1,84,130,47,0.5957446808510638,0.9219858156028369
pick_up_the_black_bowl_next_to_the_cookie_box_and_place_it_on_the_plate_demo.hdf5,demo_18,0,51,115,65,0.3923076923076923,0.8846153846153846
pick_up_the_black_bowl_next_to_the_cookie_box_and_place_it_on_the_plate_demo.hdf5,demo_19,0,48,102,55,0.4247787610619469,0.9026548672566371
pick_up_the_black_bowl_next_to_the_cookie_box_and_place_it_on_the_plate_demo.hdf5,demo_20,0,48,112,65,0.39344262295081966,0.9180327868852459
pick_up_the_black_bowl_next_to_the_cookie_box_and_place_it_on_the_plate_demo.hdf5,demo_21,0,48,100,53,0.4444444444444444,0.9259259259259259
pick_up_the_black_bowl_next_to_the_cookie_box_and_place_it_on_the_plate_demo.hdf5,demo_22,0,53,117,65,0.4274193548387097,0.9435483870967742
pick_up_the_black_bowl_next_to_the_cookie_box_and_place_it_on_the_plate_demo.hdf5,demo_23,0,51,113,63,0.425,0.9416666666666667
pick_up_the_black_bowl_next_to_the_cookie_box_and_place_it_on_the_plate_demo.hdf5,demo_24,0,56,124,69,0.42105263157894735,0.9323308270676691
pick_up_the_black_bowl_next_to_the_cookie_box_and_place_it_on_the_plate_demo.hdf5,demo_25,0,56,131,76,0.3835616438356164,0.8972602739726028
pick_up_the_black_bowl_next_to_the_cookie_box_and_place_it_on_the_plate_demo.hdf5,demo_26,0,51,113,63,0.4180327868852459,0.9262295081967213
pick_up_the_black_bowl_next_to_the_cookie_box_and_place_it_on_the_plate_demo.hdf5,demo_27,0,48,114,67,0.37209302325581395,0.8837209302325582
pick_up_the_black_bowl_next_to_the_cookie_box_and_place_it_on_the_plate_demo.hdf5,demo_28,0,44,60,17,0.2838709677419355,0.3870967741935484
pick_up_the_black_bowl_next_to_the_cookie_box_and_place_it_on_the_plate_demo.hdf5,demo_28,1,62,63,2,0.4,0.4064516129032258
pick_up_the_black_bowl_next_to_the_cookie_box_and_place_it_on_the_plate_demo.hdf5,demo_28,2,74,141,68,0.4774193548387097,0.9096774193548387
pick_up_the_black_bowl_next_to_the_cookie_box_and_place_it_on_the_plate_demo.hdf5,demo_29,0,54,107,54,0.43902439024390244,0.8699186991869918
pick_up_the_black_bowl_next_to_the_cookie_box_and_place_it_on_the_plate_demo.hdf5,demo_30,0,54,120,67,0.4,0.8888888888888888
pick_up_the_black_bowl_next_to_the_cookie_box_and_place_it_on_the_plate_demo.hdf5,demo_31,0,45,127,83,0.3191489361702128,0.900709219858156
pick_up_the_black_bowl_next_to_the_cookie_box_and_place_it_on_the_plate_demo.hdf5,demo_32,0,52,114,63,0.41935483870967744,0.9193548387096774
pick_up_the_black_bowl_next_to_the_cookie_box_and_place_it_on_the_plate_demo.hdf5,demo_33,0,51,106,56,0.45132743362831856,0.9380530973451328
pick_up_the_black_bowl_next_to_the_cookie_box_and_place_it_on_the_plate_demo.hdf5,demo_34,0,47,110,64,0.40869565217391307,0.9565217391304348
pick_up_the_black_bowl_next_to_the_cookie_box_and_place_it_on_the_plate_demo.hdf5,demo_35,0,54,114,61,0.4426229508196721,0.9344262295081968
pick_up_the_black_bowl_next_to_the_cookie_box_and_place_it_on_the_plate_demo.hdf5,demo_36,0,50,115,66,0.38461538461538464,0.8846153846153846
pick_up_the_black_bowl_next_to_the_cookie_box_and_place_it_on_the_plate_demo.hdf5,demo_37,0,49,111,63,0.392,0.888
pick_up_the_black_bowl_next_to_the_cookie_box_and_place_it_on_the_plate_demo.hdf5,demo_38,0,57,117,61,0.4351145038167939,0.8931297709923665
pick_up_the_black_bowl_next_to_the_cookie_box_and_place_it_on_the_plate_demo.hdf5,demo_39,0,48,106,59,0.41025641025641024,0.905982905982906
pick_up_the_black_bowl_next_to_the_cookie_box_and_place_it_on_the_plate_demo.hdf5,demo_40,0,47,101,55,0.42727272727272725,0.9181818181818182
pick_up_the_black_bowl_next_to_the_cookie_box_and_place_it_on_the_plate_demo.hdf5,demo_41,0,53,115,63,0.39849624060150374,0.8646616541353384
pick_up_the_black_bowl_next_to_the_cookie_box_and_place_it_on_the_plate_demo.hdf5,demo_42,0,48,103,56,0.42105263157894735,0.9035087719298246
pick_up_the_black_bowl_next_to_the_cookie_box_and_place_it_on_the_plate_demo.hdf5,demo_43,0,45,99,55,0.4205607476635514,0.9252336448598131
pick_up_the_black_bowl_next_to_the_cookie_box_and_place_it_on_the_plate_demo.hdf5,demo_44,0,44,118,75,0.3308270676691729,0.8872180451127819
pick_up_the_black_bowl_next_to_the_cookie_box_and_place_it_on_the_plate_demo.hdf5,demo_45,0,43,92,50,0.2792207792207792,0.5974025974025974
pick_up_the_black_bowl_next_to_the_cookie_box_and_place_it_on_the_plate_demo.hdf5,demo_46,0,47,108,62,0.38524590163934425,0.8852459016393442
pick_up_the_black_bowl_next_to_the_cookie_box_and_place_it_on_the_plate_demo.hdf5,demo_47,0,46,108,63,0.3865546218487395,0.907563025210084
pick_up_the_black_bowl_next_to_the_cookie_box_and_place_it_on_the_plate_demo.hdf5,demo_48,0,47,69,23,0.29559748427672955,0.4339622641509434
pick_up_the_black_bowl_next_to_the_cookie_box_and_place_it_on_the_plate_demo.hdf5,demo_48,1,86,143,58,0.5408805031446541,0.89937106918239
pick_up_the_black_bowl_next_to_the_cookie_box_and_place_it_on_the_plate_demo.hdf5,demo_49,0,72,139,68,0.47368421052631576,0.9144736842105263
pick_up_the_black_bowl_next_to_the_plate_and_place_it_on_the_plate_demo.hdf5,demo_0,0,53,108,56,0.4608695652173913,0.9391304347826087
pick_up_the_black_bowl_next_to_the_plate_and_place_it_on_the_plate_demo.hdf5,demo_1,0,47,94,48,0.4392523364485981,0.8785046728971962
pick_up_the_black_bowl_next_to_the_plate_and_place_it_on_the_plate_demo.hdf5,demo_2,0,53,122,70,0.38405797101449274,0.8840579710144928
pick_up_the_black_bowl_next_to_the_plate_and_place_it_on_the_plate_demo.hdf5,demo_3,0,51,81,31,0.3248407643312102,0.5159235668789809
pick_up_the_black_bowl_next_to_the_plate_and_place_it_on_the_plate_demo.hdf5,demo_3,1,98,142,45,0.6242038216560509,0.9044585987261147
pick_up_the_black_bowl_next_to_the_plate_and_place_it_on_the_plate_demo.hdf5,demo_4,0,53,124,72,0.38405797101449274,0.8985507246376812
pick_up_the_black_bowl_next_to_the_plate_and_place_it_on_the_plate_demo.hdf5,demo_5,0,54,98,45,0.4778761061946903,0.8672566371681416
pick_up_the_black_bowl_next_to_the_plate_and_place_it_on_the_plate_demo.hdf5,demo_6,0,53,95,43,0.4818181818181818,0.8636363636363636
pick_up_the_black_bowl_next_to_the_plate_and_place_it_on_the_plate_demo.hdf5,demo_7,0,56,99,44,0.5233644859813084,0.9252336448598131
pick_up_the_black_bowl_next_to_the_plate_and_place_it_on_the_plate_demo.hdf5,demo_8,0,48,94,47,0.46153846153846156,0.9038461538461539
pick_up_the_black_bowl_next_to_the_plate_and_place_it_on_the_plate_demo.hdf5,demo_9,0,47,111,65,0.373015873015873,0.8809523809523809
pick_up_the_black_bowl_next_to_the_plate_and_place_it_on_the_plate_demo.hdf5,demo_10,0,45,103,59,0.3879310344827586,0.8879310344827587
pick_up_the_black_bowl_next_to_the_plate_and_place_it_on_the_plate_demo.hdf5,demo_11,0,47,114,68,0.376,0.912
pick_up_the_black_bowl_next_to_the_plate_and_place_it_on_the_plate_demo.hdf5,demo_12,0,52,96,45,0.49056603773584906,0.9056603773584906
pick_up_the_black_bowl_next_to_the_plate_and_place_it_on_the_plate_demo.hdf5,demo_13,0,44,91,48,0.32116788321167883,0.6642335766423357
pick_up_the_black_bowl_next_to_the_plate_and_place_it_on_the_plate_demo.hdf5,demo_14,0,47,89,43,0.4845360824742268,0.9175257731958762
pick_up_the_black_bowl_next_to_the_plate_and_place_it_on_the_plate_demo.hdf5,demo_15,0,49,76,28,0.3223684210526316,0.5
pick_up_the_black_bowl_next_to_the_plate_and_place_it_on_the_plate_demo.hdf5,demo_15,1,91,136,46,0.5986842105263158,0.8947368421052632
pick_up_the_black_bowl_next_to_the_plate_and_place_it_on_the_plate_demo.hdf5,demo_16,0,61,109,49,0.5350877192982456,0.956140350877193
pick_up_the_black_bowl_next_to_the_plate_and_place_it_on_the_plate_demo.hdf5,demo_17,0,50,72,23,0.30303030303030304,0.43636363636363634
pick_up_the_black_bowl_next_to_the_plate_and_place_it_on_the_plate_demo.hdf5,demo_17,1,87,132,46,0.5272727272727272,0.8
pick_up_the_black_bowl_next_to_the_plate_and_place_it_on_the_plate_demo.hdf5,demo_18,0,47,92,46,0.47474747474747475,0.9292929292929293
pick_up_the_black_bowl_next_to_the_plate_and_place_it_on_the_plate_demo.hdf5,demo_19,0,51,98,48,0.49038461538461536,0.9423076923076923
pick_up_the_black_bowl_next_to_the_plate_and_place_it_on_the_plate_demo.hdf5,demo_20,0,58,113,56,0.464,0.904
pick_up_the_black_bowl_next_to_the_plate_and_place_it_on_the_plate_demo.hdf5,demo_21,0,49,110,62,0.3858267716535433,0.8661417322834646
pick_up_the_black_bowl_next_to_the_plate_and_place_it_on_the_plate_demo.hdf5,demo_22,0,52,93,42,0.52,0.93
pick_up_the_black_bowl_next_to_the_plate_and_place_it_on_the_plate_demo.hdf5,demo_23,0,48,98,51,0.43636363636363634,0.8909090909090909
pick_up_the_black_bowl_next_to_the_plate_and_place_it_on_the_plate_demo.hdf5,demo_24,0,58,106,49,0.5225225225225225,0.954954954954955
pick_up_the_black_bowl_next_to_the_plate_and_place_it_on_the_plate_demo.hdf5,demo_25,0,63,127,65,0.45,0.9071428571428571
pick_up_the_black_bowl_next_to_the_plate_and_place_it_on_the_plate_demo.hdf5,demo_26,0,50,95,46,0.45871559633027525,0.8715596330275229
pick_up_the_black_bowl_next_to_the_plate_and_place_it_on_the_plate_demo.hdf5,demo_27,0,50,102,53,0.43103448275862066,0.8793103448275862
pick_up_the_black_bowl_next_to_the_plate_and_place_it_on_the_plate_demo.hdf5,demo_28,0,54,104,51,0.43548387096774194,0.8387096774193549
pick_up_the_black_bowl_next_to_the_plate_and_place_it_on_the_plate_demo.hdf5,demo_29,0,48,97,50,0.2774566473988439,0.5606936416184971
pick_up_the_black_bowl_next_to_the_plate_and_place_it_on_the_plate_demo.hdf5,demo_29,1,125,160,36,0.7225433526011561,0.9248554913294798
pick_up_the_black_bowl_next_to_the_plate_and_place_it_on_the_plate_demo.hdf5,demo_30,0,45,89,45,0.46875,0.9270833333333334
pick_up_the_black_bowl_next_to_the_plate_and_place_it_on_the_plate_demo.hdf5,demo_31,0,50,108,59,0.43103448275862066,0.9310344827586207
pick_up_the_black_bowl_next_to_the_plate_and_place_it_on_the_plate_demo.hdf5,demo_32,0,47,86,40,0.49473684210526314,0.9052631578947369
pick_up_the_black_bowl_next_to_the_plate_and_place_it_on_the_plate_demo.hdf5,demo_33,0,53,103,51,0.48623853211009177,0.944954128440367
pick_up_the_black_bowl_next_to_the_plate_and_place_it_on_the_plate_demo.hdf5,demo_34,0,54,114,61,0.4426229508196721,0.9344262295081968
pick_up_the_black_bowl_next_to_the_plate_and_place_it_on_the_plate_demo.hdf5,demo_35,0,49,93,45,0.44144144144144143,0.8378378378378378
pick_up_the_black_bowl_next_to_the_plate_and_place_it_on_the_plate_demo.hdf5,demo_36,0,55,110,56,0.45454545454545453,0.9090909090909091
pick_up_the_black_bowl_next_to_the_plate_and_place_it_on_the_plate_demo.hdf5,demo_37,0,54,105,52,0.4909090909090909,0.9545454545454546
pick_up_the_black_bowl_next_to_the_plate_and_place_it_on_the_plate_demo.hdf5,demo_38,0,51,95,45,0.4857142857142857,0.9047619047619048
pick_up_the_black_bowl_next_to_the_plate_and_place_it_on_the_plate_demo.hdf5,demo_39,0,52,108,57,0.42276422764227645,0.8780487804878049
pick_up_the_black_bowl_next_to_the_plate_and_place_it_on_the_plate_demo.hdf5,demo_40,0,61,107,47,0.5350877192982456,0.9385964912280702
pick_up_the_black_bowl_next_to_the_plate_and_place_it_on_the_plate_demo.hdf5,demo_41,0,53,105,53,0.44166666666666665,0.875
pick_up_the_black_bowl_next_to_the_plate_and_place_it_on_the_plate_demo.hdf5,demo_42,0,45,92,48,0.4639175257731959,0.9484536082474226
pick_up_the_black_bowl_next_to_the_plate_and_place_it_on_the_plate_demo.hdf5,demo_43,0,47,92,46,0.47474747474747475,0.9292929292929293
pick_up_the_black_bowl_next_to_the_plate_and_place_it_on_the_plate_demo.hdf5,demo_44,0,51,103,53,0.4358974358974359,0.8803418803418803
pick_up_the_black_bowl_next_to_the_plate_and_place_it_on_the_plate_demo.hdf5,demo_45,0,48,112,65,0.4247787610619469,0.9911504424778761
pick_up_the_black_bowl_next_to_the_plate_and_place_it_on_the_plate_demo.hdf5,demo_46,0,48,119,72,0.3609022556390977,0.8947368421052632
pick_up_the_black_bowl_next_to_the_plate_and_place_it_on_the_plate_demo.hdf5,demo_47,0,52,103,52,0.46017699115044247,0.911504424778761
pick_up_the_black_bowl_next_to_the_plate_and_place_it_on_the_plate_demo.hdf5,demo_48,0,57,88,32,0.33727810650887574,0.5207100591715976
pick_up_the_black_bowl_next_to_the_plate_and_place_it_on_the_plate_demo.hdf5,demo_48,1,102,154,53,0.6035502958579881,0.9112426035502958
pick_up_the_black_bowl_next_to_the_plate_and_place_it_on_the_plate_demo.hdf5,demo_49,0,44,103,60,0.3826086956521739,0.8956521739130435
pick_up_the_black_bowl_next_to_the_ramekin_and_place_it_on_the_plate_demo.hdf5,demo_0,0,55,130,76,0.3618421052631579,0.8552631578947368
pick_up_the_black_bowl_next_to_the_ramekin_and_place_it_on_the_plate_demo.hdf5,demo_1,0,54,116,63,0.43902439024390244,0.943089430894309
pick_up_the_black_bowl_next_to_the_ramekin_and_place_it_on_the_plate_demo.hdf5,demo_2,0,50,126,77,0.35714285714285715,0.9
pick_up_the_black_bowl_next_to_the_ramekin_and_place_it_on_the_plate_demo.hdf5,demo_3,0,48,72,25,0.2742857142857143,0.4114285714285714
pick_up_the_black_bowl_next_to_the_ramekin_and_place_it_on_the_plate_demo.hdf5,demo_3,1,95,165,71,0.5428571428571428,0.9428571428571428
pick_up_the_black_bowl_next_to_the_ramekin_and_place_it_on_the_plate_demo.hdf5,demo_4,0,52,127,76,0.36619718309859156,0.8943661971830986
pick_up_the_black_bowl_next_to_the_ramekin_and_place_it_on_the_plate_demo.hdf5,demo_5,0,52,72,21,0.33548387096774196,0.4645161290322581
pick_up_the_black_bowl_next_to_the_ramekin_and_place_it_on_the_plate_demo.hdf5,demo_5,1,87,150,64,0.5612903225806452,0.967741935483871
pick_up_the_black_bowl_next_to_the_ramekin_and_place_it_on_the_plate_demo.hdf5,demo_6,0,51,127,77,0.35172413793103446,0.8758620689655172
pick_up_the_black_bowl_next_to_the_ramekin_and_place_it_on_the_plate_demo.hdf5,demo_7,0,55,116,62,0.4198473282442748,0.8854961832061069
pick_up_the_black_bowl_next_to_the_ramekin_and_place_it_on_the_plate_demo.hdf5,demo_8,0,54,114,61,0.35526315789473684,0.75
pick_up_the_black_bowl_next_to_the_ramekin_and_place_it_on_the_plate_demo.hdf5,demo_9,0,50,113,64,0.3937007874015748,0.889763779527559
pick_up_the_black_bowl_next_to_the_ramekin_and_place_it_on_the_plate_demo.hdf5,demo_10,0,50,102,53,0.45045045045045046,0.918918918918919
pick_up_the_black_bowl_next_to_the_ramekin_and_place_it_on_the_plate_demo.hdf5,demo_11,0,52,113,62,0.4444444444444444,0.9658119658119658
pick_up_the_black_bowl_next_to_the_ramekin_and_place_it_on_the_plate_demo.hdf5,demo_12,0,53,108,56,0.4649122807017544,0.9473684210526315
pick_up_the_black_bowl_next_to_the_ramekin_and_place_it_on_the_plate_demo.hdf5,demo_13,0,51,112,62,0.408,0.896
pick_up_the_black_bowl_next_to_the_ramekin_and_place_it_on_the_plate_demo.hdf5,demo_14,0,56,135,80,0.37333333333333335,0.9
pick_up_the_black_bowl_next_to_the_ramekin_and_place_it_on_the_plate_demo.hdf5,demo_15,0,60,121,62,0.46875,0.9453125
pick_up_the_black_bowl_next_to_the_ramekin_and_place_it_on_the_plate_demo.hdf5,demo_16,0,55,117,63,0.4074074074074074,0.8666666666666667
pick_up_the_black_bowl_next_to_the_ramekin_and_place_it_on_the_plate_demo.hdf5,demo_17,0,49,107,59,0.4336283185840708,0.9469026548672567
pick_up_the_black_bowl_next_to_the_ramekin_and_place_it_on_the_plate_demo.hdf5,demo_18,0,48,105,58,0.42857142857142855,0.9375
pick_up_the_black_bowl_next_to_the_ramekin_and_place_it_on_the_plate_demo.hdf5,demo_19,0,54,121,68,0.432,0.968
pick_up_the_black_bowl_next_to_the_ramekin_and_place_it_on_the_plate_demo.hdf5,demo_20,0,48,85,38,0.2962962962962963,0.5246913580246914
pick_up_the_black_bowl_next_to_the_ramekin_and_place_it_on_the_plate_demo.hdf5,demo_20,1,106,156,51,0.654320987654321,0.9629629629629629
pick_up_the_black_bowl_next_to_the_ramekin_and_place_it_on_the_plate_demo.hdf5,demo_21,0,55,120,66,0.41044776119402987,0.8955223880597015
pick_up_the_black_bowl_next_to_the_ramekin_and_place_it_on_the_plate_demo.hdf5,demo_22,0,49,121,73,0.3712121212121212,0.9166666666666666
pick_up_the_black_bowl_next_to_the_ramekin_and_place_it_on_the_plate_demo.hdf5,demo_23,0,47,100,54,0.43119266055045874,0.9174311926605505
pick_up_the_black_bowl_next_to_the_ramekin_and_place_it_on_the_plate_demo.hdf5,demo_24,0,54,127,74,0.2857142857142857,0.671957671957672
pick_up_the_black_bowl_next_to_the_ramekin_and_place_it_on_the_plate_demo.hdf5,demo_25,0,53,128,76,0.3706293706293706,0.8951048951048951
pick_up_the_black_bowl_next_to_the_ramekin_and_place_it_on_the_plate_demo.hdf5,demo_26,0,52,130,79,0.3586206896551724,0.896551724137931
pick_up_the_black_bowl_next_to_the_ramekin_and_place_it_on_the_plate_demo.hdf5,demo_27,0,51,111,61,0.4396551724137931,0.9568965517241379
pick_up_the_black_bowl_next_to_the_ramekin_and_place_it_on_the_plate_demo.hdf5,demo_28,0,50,105,56,0.2994011976047904,0.6287425149700598
pick_up_the_black_bowl_next_to_the_ramekin_and_place_it_on_the_plate_demo.hdf5,demo_28,1,131,152,22,0.7844311377245509,0.9101796407185628
pick_up_the_black_bowl_next_to_the_ramekin_and_place_it_on_the_plate_demo.hdf5,demo_29,0,57,111,55,0.475,0.925
pick_up_the_black_bowl_next_to_the_ramekin_and_place_it_on_the_plate_demo.hdf5,demo_30,0,57,136,80,0.37012987012987014,0.8831168831168831
pick_up_the_black_bowl_next_to_the_ramekin_and_place_it_on_the_plate_demo.hdf5,demo_30,1,140,141,2,0.9090909090909091,0.9155844155844156
pick_up_the_black_bowl_next_to_the_ramekin_and_place_it_on_the_plate_demo.hdf5,demo_31,0,49,105,57,0.4083333333333333,0.875
pick_up_the_black_bowl_next_to_the_ramekin_and_place_it_on_the_plate_demo.hdf5,demo_32,0,63,133,71,0.42,0.8866666666666667
pick_up_the_black_bowl_next_to_the_ramekin_and_place_it_on_the_plate_demo.hdf5,demo_33,0,43,98,56,0.36752136752136755,0.8376068376068376
pick_up_the_black_bowl_next_to_the_ramekin_and_place_it_on_the_plate_demo.hdf5,demo_34,0,52,112,61,0.43333333333333335,0.9333333333333333
pick_up_the_black_bowl_next_to_the_ramekin_and_place_it_on_the_plate_demo.hdf5,demo_35,0,54,116,63,0.39416058394160586,0.8467153284671532
pick_up_the_black_bowl_next_to_the_ramekin_and_place_it_on_the_plate_demo.hdf5,demo_35,1,118,130,13,0.8613138686131386,0.948905109489051
pick_up_the_black_bowl_next_to_the_ramekin_and_place_it_on_the_plate_demo.hdf5,demo_36,0,48,106,59,0.4,0.8833333333333333
pick_up_the_black_bowl_next_to_the_ramekin_and_place_it_on_the_plate_demo.hdf5,demo_37,0,51,111,61,0.3953488372093023,0.8604651162790697
pick_up_the_black_bowl_next_to_the_ramekin_and_place_it_on_the_plate_demo.hdf5,demo_38,0,56,133,78,0.3916083916083916,0.9300699300699301
pick_up_the_black_bowl_next_to_the_ramekin_and_place_it_on_the_plate_demo.hdf5,demo_39,0,54,116,63,0.43548387096774194,0.9354838709677419
pick_up_the_black_bowl_next_to_the_ramekin_and_place_it_on_the_plate_demo.hdf5,demo_40,0,50,108,59,0.3968253968253968,0.8571428571428571
pick_up_the_black_bowl_next_to_the_ramekin_and_place_it_on_the_plate_demo.hdf5,demo_41,0,50,103,54,0.44642857142857145,0.9196428571428571
pick_up_the_black_bowl_next_to_the_ramekin_and_place_it_on_the_plate_demo.hdf5,demo_42,0,59,124,66,0.4306569343065693,0.9051094890510949
pick_up_the_black_bowl_next_to_the_ramekin_and_place_it_on_the_plate_demo.hdf5,demo_43,0,57,126,70,0.4222222222222222,0.9333333333333333
pick_up_the_black_bowl_next_to_the_ramekin_and_place_it_on_the_plate_demo.hdf5,demo_44,0,55,121,67,0.4365079365079365,0.9603174603174603
pick_up_the_black_bowl_next_to_the_ramekin_and_place_it_on_the_plate_demo.hdf5,demo_45,0,53,118,66,0.39849624060150374,0.8872180451127819
pick_up_the_black_bowl_next_to_the_ramekin_and_place_it_on_the_plate_demo.hdf5,demo_46,0,51,118,68,0.3805970149253731,0.8805970149253731
pick_up_the_black_bowl_next_to_the_ramekin_and_place_it_on_the_plate_demo.hdf5,demo_47,0,58,119,62,0.43609022556390975,0.8947368421052632
pick_up_the_black_bowl_next_to_the_ramekin_and_place_it_on_the_plate_demo.hdf5,demo_48,0,57,118,62,0.40425531914893614,0.8368794326241135
pick_up_the_black_bowl_next_to_the_ramekin_and_place_it_on_the_plate_demo.hdf5,demo_48,1,120,126,7,0.851063829787234,0.8936170212765957
pick_up_the_black_bowl_next_to_the_ramekin_and_place_it_on_the_plate_demo.hdf5,demo_49,0,57,123,67,0.44881889763779526,0.968503937007874
pick_up_the_black_bowl_on_the_cookie_box_and_place_it_on_the_plate_demo.hdf5,demo_0,0,46,85,40,0.46464646464646464,0.8585858585858586
pick_up_the_black_bowl_on_the_cookie_box_and_place_it_on_the_plate_demo.hdf5,demo_1,0,46,95,50,0.45544554455445546,0.9405940594059405
pick_up_the_black_bowl_on_the_cookie_box_and_place_it_on_the_plate_demo.hdf5,demo_2,0,38,79,42,0.4,0.8315789473684211
pick_up_the_black_bowl_on_the_cookie_box_and_place_it_on_the_plate_demo.hdf5,demo_3,0,47,99,53,0.40869565217391307,0.8608695652173913
pick_up_the_black_bowl_on_the_cookie_box_and_place_it_on_the_plate_demo.hdf5,demo_4,0,42,87,46,0.4077669902912621,0.8446601941747572
pick_up_the_black_bowl_on_the_cookie_box_and_place_it_on_the_plate_demo.hdf5,demo_5,0,41,83,43,0.41414141414141414,0.8383838383838383
pick_up_the_black_bowl_on_the_cookie_box_and_place_it_on_the_plate_demo.hdf5,demo_6,0,46,94,49,0.4144144144144144,0.8468468468468469
pick_up_the_black_bowl_on_the_cookie_box_and_place_it_on_the_plate_demo.hdf5,demo_7,0,41,83,43,0.43157894736842106,0.8736842105263158
pick_up_the_black_bowl_on_the_cookie_box_and_place_it_on_the_plate_demo.hdf5,demo_8,0,39,86,48,0.35135135135135137,0.7747747747747747
pick_up_the_black_bowl_on_the_cookie_box_and_place_it_on_the_plate_demo.hdf5,demo_9,0,46,64,19,0.35658914728682173,0.49612403100775193
pick_up_the_black_bowl_on_the_cookie_box_and_place_it_on_the_plate_demo.hdf5,demo_9,1,75,119,45,0.5813953488372093,0.9224806201550387
pick_up_the_black_bowl_on_the_cookie_box_and_place_it_on_the_plate_demo.hdf5,demo_10,0,38,81,44,0.42696629213483145,0.9101123595505618
pick_up_the_black_bowl_on_the_cookie_box_and_place_it_on_the_plate_demo.hdf5,demo_11,0,45,87,43,0.4639175257731959,0.8969072164948454
pick_up_the_black_bowl_on_the_cookie_box_and_place_it_on_the_plate_demo.hdf5,demo_12,0,42,83,42,0.45161290322580644,0.8924731182795699
pick_up_the_black_bowl_on_the_cookie_box_and_place_it_on_the_plate_demo.hdf5,demo_13,0,41,85,45,0.41414141414141414,0.8585858585858586
pick_up_the_black_bowl_on_the_cookie_box_and_place_it_on_the_plate_demo.hdf5,demo_14,0,42,88,47,0.42,0.88
pick_up_the_black_bowl_on_the_cookie_box_and_place_it_on_the_plate_demo.hdf5,demo_15,0,48,91,44,0.40336134453781514,0.7647058823529411
pick_up_the_black_bowl_on_the_cookie_box_and_place_it_on_the_plate_demo.hdf5,demo_15,1,94,101,8,0.7899159663865546,0.8487394957983193
pick_up_the_black_bowl_on_the_cookie_box_and_place_it_on_the_plate_demo.hdf5,demo_16,0,40,86,47,0.39603960396039606,0.8514851485148515
pick_up_the_black_bowl_on_the_cookie_box_and_place_it_on_the_plate_demo.hdf5,demo_17,0,43,85,43,0.4574468085106383,0.9042553191489362
pick_up_the_black_bowl_on_the_cookie_box_and_place_it_on_the_plate_demo.hdf5,demo_18,0,44,73,30,0.2573099415204678,0.4269005847953216
pick_up_the_black_bowl_on_the_cookie_box_and_place_it_on_the_plate_demo.hdf5,demo_18,1,109,152,44,0.6374269005847953,0.8888888888888888
pick_up_the_black_bowl_on_the_cookie_box_and_place_it_on_the_plate_demo.hdf5,demo_19,0,45,84,40,0.45,0.84
pick_up_the_black_bowl_on_the_cookie_box_and_place_it_on_the_plate_demo.hdf5,demo_20,0,39,82,44,0.40625,0.8541666666666666
pick_up_the_black_bowl_on_the_cookie_box_and_place_it_on_the_plate_demo.hdf5,demo_21,0,45,87,43,0.46875,0.90625
pick_up_the_black_bowl_on_the_cookie_box_and_place_it_on_the_plate_demo.hdf5,demo_22,0,45,87,43,0.46875,0.90625
pick_up_the_black_bowl_on_the_cookie_box_and_place_it_on_the_plate_demo.hdf5,demo_23,0,45,89,45,0.4639175257731959,0.9175257731958762
pick_up_the_black_bowl_on_the_cookie_box_and_place_it_on_the_plate_demo.hdf5,demo_24,0,43,85,43,0.4479166666666667,0.8854166666666666
pick_up_the_black_bowl_on_the_cookie_box_and_place_it_on_the_plate_demo.hdf5,demo_25,0,44,92,49,0.4489795918367347,0.9387755102040817
pick_up_the_black_bowl_on_the_cookie_box_and_place_it_on_the_plate_demo.hdf5,demo_26,0,43,81,39,0.4673913043478261,0.8804347826086957
pick_up_the_black_bowl_on_the_cookie_box_and_place_it_on_the_plate_demo.hdf5,demo_27,0,48,90,43,0.4752475247524752,0.8910891089108911
pick_up_the_black_bowl_on_the_cookie_box_and_place_it_on_the_plate_demo.hdf5,demo_28,0,41,84,44,0.43157894736842106,0.8842105263157894
pick_up_the_black_bowl_on_the_cookie_box_and_place_it_on_the_plate_demo.hdf5,demo_29,0,42,94,53,0.39622641509433965,0.8867924528301887
pick_up_the_black_bowl_on_the_cookie_box_and_place_it_on_the_plate_demo.hdf5,demo_30,0,41,76,36,0.47674418604651164,0.8837209302325582
pick_up_the_black_bowl_on_the_cookie_box_and_place_it_on_the_plate_demo.hdf5,demo_31,0,44,89,46,0.4444444444444444,0.898989898989899
pick_up_the_black_bowl_on_the_cookie_box_and_place_it_on_the_plate_demo.hdf5,demo_32,0,40,82,43,0.40404040404040403,0.8282828282828283
pick_up_the_black_bowl_on_the_cookie_box_and_place_it_on_the_plate_demo.hdf5,demo_33,0,49,97,49,0.44144144144144143,0.8738738738738738
pick_up_the_black_bowl_on_the_cookie_box_and_place_it_on_the_plate_demo.hdf5,demo_34,0,39,76,38,0.43820224719101125,0.8539325842696629
pick_up_the_black_bowl_on_the_cookie_box_and_place_it_on_the_plate_demo.hdf5,demo_35,0,47,91,45,0.46534653465346537,0.900990099009901
pick_up_the_black_bowl_on_the_cookie_box_and_place_it_on_the_plate_demo.hdf5,demo_36,0,40,81,42,0.43478260869565216,0.8804347826086957
pick_up_the_black_bowl_on_the_cookie_box_and_place_it_on_the_plate_demo.hdf5,demo_37,0,44,83,40,0.4536082474226804,0.8556701030927835
pick_up_the_black_bowl_on_the_cookie_box_and_place_it_on_the_plate_demo.hdf5,demo_38,0,44,91,48,0.4536082474226804,0.9381443298969072
pick_up_the_black_bowl_on_the_cookie_box_and_place_it_on_the_plate_demo.hdf5,demo_39,0,41,80,40,0.44565217391304346,0.8695652173913043
pick_up_the_black_bowl_on_the_cookie_box_and_place_it_on_the_plate_demo.hdf5,demo_40,0,40,83,44,0.42105263157894735,0.8736842105263158
pick_up_the_black_bowl_on_the_cookie_box_and_place_it_on_the_plate_demo.hdf5,demo_41,0,44,108,65,0.38596491228070173,0.9473684210526315
pick_up_the_black_bowl_on_the_cookie_box_and_place_it_on_the_plate_demo.hdf5,demo_42,0,39,74,36,0.43820224719101125,0.8314606741573034
pick_up_the_black_bowl_on_the_cookie_box_and_place_it_on_the_plate_demo.hdf5,demo_43,0,41,87,47,0.4019607843137255,0.8529411764705882
pick_up_the_black_bowl_on_the_cookie_box_and_place_it_on_the_plate_demo.hdf5,demo_44,0,44,100,57,0.3893805309734513,0.8849557522123894
pick_up_the_black_bowl_on_the_cookie_box_and_place_it_on_the_plate_demo.hdf5,demo_45,0,40,84,45,0.40404040404040403,0.8484848484848485
pick_up_the_black_bowl_on_the_cookie_box_and_place_it_on_the_plate_demo.hdf5,demo_46,0,40,90,51,0.3883495145631068,0.8737864077669902
pick_up_the_black_bowl_on_the_cookie_box_and_place_it_on_the_plate_demo.hdf5,demo_47,0,38,81,44,0.4222222222222222,0.9
pick_up_the_black_bowl_on_the_cookie_box_and_place_it_on_the_plate_demo.hdf5,demo_48,0,43,86,44,0.43,0.86
pick_up_the_black_bowl_on_the_cookie_box_and_place_it_on_the_plate_demo.hdf5,demo_49,0,39,80,42,0.43333333333333335,0.8888888888888888
pick_up_the_black_bowl_on_the_ramekin_and_place_it_on_the_plate_demo.hdf5,demo_0,0,32,123,92,0.23357664233576642,0.8978102189781022
pick_up_the_black_bowl_on_the_ramekin_and_place_it_on_the_plate_demo.hdf5,demo_1,0,36,116,81,0.2748091603053435,0.8854961832061069
pick_up_the_black_bowl_on_the_ramekin_and_place_it_on_the_plate_demo.hdf5,demo_2,0,38,108,71,0.3140495867768595,0.8925619834710744
pick_up_the_black_bowl_on_the_ramekin_and_place_it_on_the_plate_demo.hdf5,demo_3,0,35,106,72,0.2892561983471074,0.8760330578512396
pick_up_the_black_bowl_on_the_ramekin_and_place_it_on_the_plate_demo.hdf5,demo_4,0,33,105,73,0.2773109243697479,0.8823529411764706
pick_up_the_black_bowl_on_the_ramekin_and_place_it_on_the_plate_demo.hdf5,demo_5,0,33,85,53,0.33,0.85
pick_up_the_black_bowl_on_the_ramekin_and_place_it_on_the_plate_demo.hdf5,demo_6,0,31,90,60,0.3069306930693069,0.8910891089108911
pick_up_the_black_bowl_on_the_ramekin_and_place_it_on_the_plate_demo.hdf5,demo_7,0,29,53,25,0.2248062015503876,0.4108527131782946
pick_up_the_black_bowl_on_the_ramekin_and_place_it_on_the_plate_demo.hdf5,demo_7,1,64,119,56,0.49612403100775193,0.9224806201550387
pick_up_the_black_bowl_on_the_ramekin_and_place_it_on_the_plate_demo.hdf5,demo_8,0,42,109,68,0.34146341463414637,0.8861788617886179
pick_up_the_black_bowl_on_the_ramekin_and_place_it_on_the_plate_demo.hdf5,demo_9,0,38,105,68,0.3220338983050847,0.8898305084745762
pick_up_the_black_bowl_on_the_ramekin_and_place_it_on_the_plate_demo.hdf5,demo_10,0,34,55,22,0.24817518248175183,0.40145985401459855
pick_up_the_black_bowl_on_the_ramekin_and_place_it_on_the_plate_demo.hdf5,demo_10,1,65,126,62,0.4744525547445255,0.9197080291970803
pick_up_the_black_bowl_on_the_ramekin_and_place_it_on_the_plate_demo.hdf5,demo_11,0,34,94,61,0.34,0.94
pick_up_the_black_bowl_on_the_ramekin_and_place_it_on_the_plate_demo.hdf5,demo_12,0,29,88,60,0.3020833333333333,0.9166666666666666
pick_up_the_black_bowl_on_the_ramekin_and_place_it_on_the_plate_demo.hdf5,demo_13,0,38,120,83,0.296875,0.9375
pick_up_the_black_bowl_on_the_ramekin_and_place_it_on_the_plate_demo.hdf5,demo_14,0,37,145,109,0.24025974025974026,0.9415584415584416
pick_up_the_black_bowl_on_the_ramekin_and_place_it_on_the_plate_demo.hdf5,demo_15,0,33,93,61,0.3235294117647059,0.9117647058823529
pick_up_the_black_bowl_on_the_ramekin_and_place_it_on_the_plate_demo.hdf5,demo_16,0,31,102,72,0.2672413793103448,0.8793103448275862
pick_up_the_black_bowl_on_the_ramekin_and_place_it_on_the_plate_demo.hdf5,demo_17,0,33,109,77,0.275,0.9083333333333333
pick_up_the_black_bowl_on_the_ramekin_and_place_it_on_the_plate_demo.hdf5,demo_18,0,32,99,68,0.2807017543859649,0.868421052631579
pick_up_the_black_bowl_on_the_ramekin_and_place_it_on_the_plate_demo.hdf5,demo_19,0,31,97,67,0.3163265306122449,0.9897959183673469
pick_up_the_black_bowl_on_the_ramekin_and_place_it_on_the_plate_demo.hdf5,demo_20,0,30,102,73,0.2542372881355932,0.864406779661017
pick_up_the_black_bowl_on_the_ramekin_and_place_it_on_the_plate_demo.hdf5,demo_21,0,38,118,81,0.29457364341085274,0.9147286821705426
pick_up_the_black_bowl_on_the_ramekin_and_place_it_on_the_plate_demo.hdf5,demo_22,0,37,99,63,0.34579439252336447,0.9252336448598131
pick_up_the_black_bowl_on_the_ramekin_and_place_it_on_the_plate_demo.hdf5,demo_23,0,33,56,24,0.2391304347826087,0.4057971014492754
pick_up_the_black_bowl_on_the_ramekin_and_place_it_on_the_plate_demo.hdf5,demo_23,1,68,124,57,0.4927536231884058,0.8985507246376812
pick_up_the_black_bowl_on_the_ramekin_and_place_it_on_the_plate_demo.hdf5,demo_24,0,34,91,58,0.3469387755102041,0.9285714285714286
pick_up_the_black_bowl_on_the_ramekin_and_place_it_on_the_plate_demo.hdf5,demo_25,0,31,88,58,0.34065934065934067,0.967032967032967
pick_up_the_black_bowl_on_the_ramekin_and_place_it_on_the_plate_demo.hdf5,demo_26,0,31,90,60,0.3163265306122449,0.9183673469387755
pick_up_the_black_bowl_on_the_ramekin_and_place_it_on_the_plate_demo.hdf5,demo_27,0,34,56,23,0.23129251700680273,0.38095238095238093
pick_up_the_black_bowl_on_the_ramekin_and_place_it_on_the_plate_demo.hdf5,demo_27,1,67,130,64,0.4557823129251701,0.8843537414965986
pick_up_the_black_bowl_on_the_ramekin_and_place_it_on_the_plate_demo.hdf5,demo_28,0,35,91,57,0.330188679245283,0.8584905660377359
pick_up_the_black_bowl_on_the_ramekin_and_place_it_on_the_plate_demo.hdf5,demo_29,0,35,101,67,0.3017241379310345,0.8706896551724138
pick_up_the_black_bowl_on_the_ramekin_and_place_it_on_the_plate_demo.hdf5,demo_30,0,35,104,70,0.29411764705882354,0.8739495798319328
pick_up_the_black_bowl_on_the_ramekin_and_place_it_on_the_plate_demo.hdf5,demo_31,0,43,104,62,0.3644067796610169,0.8813559322033898
pick_up_the_black_bowl_on_the_ramekin_and_place_it_on_the_plate_demo.hdf5,demo_32,0,33,97,65,0.2972972972972973,0.8738738738738738
pick_up_the_black_bowl_on_the_ramekin_and_place_it_on_the_plate_demo.hdf5,demo_33,0,36,95,60,0.3302752293577982,0.8715596330275229
pick_up_the_black_bowl_on_the_ramekin_and_place_it_on_the_plate_demo.hdf5,demo_34,0,29,94,66,0.26126126126126126,0.8468468468468469
pick_up_the_black_bowl_on_the_ramekin_and_place_it_on_the_plate_demo.hdf5,demo_35,0,34,113,80,0.265625,0.8828125
pick_up_the_black_bowl_on_the_ramekin_and_place_it_on_the_plate_demo.hdf5,demo_36,0,28,93,66,0.2545454545454545,0.8454545454545455
pick_up_the_black_bowl_on_the_ramekin_and_place_it_on_the_plate_demo.hdf5,demo_37,0,33,95,63,0.3235294117647059,0.9313725490196079
pick_up_the_black_bowl_on_the_ramekin_and_place_it_on_the_plate_demo.hdf5,demo_38,0,26,90,65,0.2653061224489796,0.9183673469387755
pick_up_the_black_bowl_on_the_ramekin_and_place_it_on_the_plate_demo.hdf5,demo_39,0,26,80,55,0.3023255813953488,0.9302325581395349
pick_up_the_black_bowl_on_the_ramekin_and_place_it_on_the_plate_demo.hdf5,demo_40,0,33,103,71,0.28205128205128205,0.8803418803418803
pick_up_the_black_bowl_on_the_ramekin_and_place_it_on_the_plate_demo.hdf5,demo_41,0,41,118,78,0.3203125,0.921875
pick_up_the_black_bowl_on_the_ramekin_and_place_it_on_the_plate_demo.hdf5,demo_42,0,39,63,25,0.2708333333333333,0.4375
pick_up_the_black_bowl_on_the_ramekin_and_place_it_on_the_plate_demo.hdf5,demo_42,1,75,136,62,0.5208333333333334,0.9444444444444444
pick_up_the_black_bowl_on_the_ramekin_and_place_it_on_the_plate_demo.hdf5,demo_43,0,35,95,61,0.30973451327433627,0.8407079646017699
pick_up_the_black_bowl_on_the_ramekin_and_place_it_on_the_plate_demo.hdf5,demo_44,0,33,53,21,0.2323943661971831,0.3732394366197183
pick_up_the_black_bowl_on_the_ramekin_and_place_it_on_the_plate_demo.hdf5,demo_44,1,65,126,62,0.45774647887323944,0.8873239436619719
pick_up_the_black_bowl_on_the_ramekin_and_place_it_on_the_plate_demo.hdf5,demo_45,0,34,106,73,0.30357142857142855,0.9464285714285714
pick_up_the_black_bowl_on_the_ramekin_and_place_it_on_the_plate_demo.hdf5,demo_46,0,32,101,70,0.2962962962962963,0.9351851851851852
pick_up_the_black_bowl_on_the_ramekin_and_place_it_on_the_plate_demo.hdf5,demo_47,0,29,94,66,0.2636363636363636,0.8545454545454545
pick_up_the_black_bowl_on_the_ramekin_and_place_it_on_the_plate_demo.hdf5,demo_48,0,38,101,64,0.35185185185185186,0.9351851851851852
pick_up_the_black_bowl_on_the_ramekin_and_place_it_on_the_plate_demo.hdf5,demo_49,0,39,106,68,0.3577981651376147,0.9724770642201835
pick_up_the_black_bowl_on_the_stove_and_place_it_on_the_plate_demo.hdf5,demo_0,0,43,140,98,0.27741935483870966,0.9032258064516129
pick_up_the_black_bowl_on_the_stove_and_place_it_on_the_plate_demo.hdf5,demo_1,0,30,113,84,0.24,0.904
pick_up_the_black_bowl_on_the_stove_and_place_it_on_the_plate_demo.hdf5,demo_1,1,118,118,1,0.944,0.944
pick_up_the_black_bowl_on_the_stove_and_place_it_on_the_plate_demo.hdf5,demo_2,0,28,119,92,0.22580645161290322,0.9596774193548387
pick_up_the_black_bowl_on_the_stove_and_place_it_on_the_plate_demo.hdf5,demo_3,0,37,74,38,0.193717277486911,0.387434554973822
pick_up_the_black_bowl_on_the_stove_and_place_it_on_the_plate_demo.hdf5,demo_3,1,86,190,105,0.450261780104712,0.9947643979057592
pick_up_the_black_bowl_on_the_stove_and_place_it_on_the_plate_demo.hdf5,demo_4,0,31,125,95,0.22794117647058823,0.9191176470588235
pick_up_the_black_bowl_on_the_stove_and_place_it_on_the_plate_demo.hdf5,demo_5,0,27,125,99,0.1956521739130435,0.9057971014492754
pick_up_the_black_bowl_on_the_stove_and_place_it_on_the_plate_demo.hdf5,demo_6,0,37,127,91,0.2781954887218045,0.9548872180451128
pick_up_the_black_bowl_on_the_stove_and_place_it_on_the_plate_demo.hdf5,demo_7,0,29,119,91,0.2230769230769231,0.9153846153846154
pick_up_the_black_bowl_on_the_stove_and_place_it_on_the_plate_demo.hdf5,demo_8,0,34,124,91,0.2446043165467626,0.8920863309352518
pick_up_the_black_bowl_on_the_stove_and_place_it_on_the_plate_demo.hdf5,demo_9,0,31,131,101,0.21379310344827587,0.903448275862069
pick_up_the_black_bowl_on_the_stove_and_place_it_on_the_plate_demo.hdf5,demo_10,0,30,132,103,0.21428571428571427,0.9428571428571428
pick_up_the_black_bowl_on_the_stove_and_place_it_on_the_plate_demo.hdf5,demo_11,0,36,151,116,0.21951219512195122,0.9207317073170732
pick_up_the_black_bowl_on_the_stove_and_place_it_on_the_plate_demo.hdf5,demo_12,0,30,115,86,0.24193548387096775,0.9274193548387096
pick_up_the_black_bowl_on_the_stove_and_place_it_on_the_plate_demo.hdf5,demo_13,0,32,126,95,0.2318840579710145,0.9130434782608695
pick_up_the_black_bowl_on_the_stove_and_place_it_on_the_plate_demo.hdf5,demo_14,0,29,115,87,0.24166666666666667,0.9583333333333334
pick_up_the_black_bowl_on_the_stove_and_place_it_on_the_plate_demo.hdf5,demo_15,0,34,127,94,0.24817518248175183,0.927007299270073
pick_up_the_black_bowl_on_the_stove_and_place_it_on_the_plate_demo.hdf5,demo_16,0,28,127,100,0.19858156028368795,0.900709219858156
pick_up_the_black_bowl_on_the_stove_and_place_it_on_the_plate_demo.hdf5,demo_17,0,27,38,12,0.17763157894736842,0.25
pick_up_the_black_bowl_on_the_stove_and_place_it_on_the_plate_demo.hdf5,demo_17,1,55,137,83,0.3618421052631579,0.9013157894736842
pick_up_the_black_bowl_on_the_stove_and_place_it_on_the_plate_demo.hdf5,demo_18,0,34,123,90,0.24817518248175183,0.8978102189781022
pick_up_the_black_bowl_on_the_stove_and_place_it_on_the_plate_demo.hdf5,demo_19,0,28,118,91,0.21875,0.921875
pick_up_the_black_bowl_on_the_stove_and_place_it_on_the_plate_demo.hdf5,demo_20,0,36,88,53,0.18274111675126903,0.4467005076142132
pick_up_the_black_bowl_on_the_stove_and_place_it_on_the_plate_demo.hdf5,demo_20,1,119,187,69,0.6040609137055838,0.949238578680203
pick_up_the_black_bowl_on_the_stove_and_place_it_on_the_plate_demo.hdf5,demo_21,0,25,117,93,0.20161290322580644,0.9435483870967742
pick_up_the_black_bowl_on_the_stove_and_place_it_on_the_plate_demo.hdf5,demo_22,0,31,115,85,0.2421875,0.8984375
pick_up_the_black_bowl_on_the_stove_and_place_it_on_the_plate_demo.hdf5,demo_23,0,31,116,86,0.24603174603174602,0.9206349206349206
pick_up_the_black_bowl_on_the_stove_and_place_it_on_the_plate_demo.hdf5,demo_24,0,38,136,99,0.2638888888888889,0.9444444444444444
pick_up_the_black_bowl_on_the_stove_and_place_it_on_the_plate_demo.hdf5,demo_25,0,37,125,89,0.2868217054263566,0.9689922480620154
pick_up_the_black_bowl_on_the_stove_and_place_it_on_the_plate_demo.hdf5,demo_26,0,47,153,107,0.27976190476190477,0.9107142857142857
pick_up_the_black_bowl_on_the_stove_and_place_it_on_the_plate_demo.hdf5,demo_27,0,28,118,91,0.21212121212121213,0.8939393939393939
pick_up_the_black_bowl_on_the_stove_and_place_it_on_the_plate_demo.hdf5,demo_28,0,33,126,94,0.2357142857142857,0.9
pick_up_the_black_bowl_on_the_stove_and_place_it_on_the_plate_demo.hdf5,demo_29,0,30,126,97,0.22556390977443608,0.9473684210526315
pick_up_the_black_bowl_on_the_stove_and_place_it_on_the_plate_demo.hdf5,demo_30,0,36,125,90,0.26666666666666666,0.9259259259259259
pick_up_the_black_bowl_on_the_stove_and_place_it_on_the_plate_demo.hdf5,demo_31,0,33,126,94,0.2357142857142857,0.9
pick_up_the_black_bowl_on_the_stove_and_place_it_on_the_plate_demo.hdf5,demo_32,0,51,137,87,0.3591549295774648,0.9647887323943662
pick_up_the_black_bowl_on_the_stove_and_place_it_on_the_plate_demo.hdf5,demo_33,0,26,132,107,0.19548872180451127,0.9924812030075187
pick_up_the_black_bowl_on_the_stove_and_place_it_on_the_plate_demo.hdf5,demo_34,0,34,143,110,0.21656050955414013,0.910828025477707
pick_up_the_black_bowl_on_the_stove_and_place_it_on_the_plate_demo.hdf5,demo_35,0,43,166,124,0.25748502994011974,0.9940119760479041
pick_up_the_black_bowl_on_the_stove_and_place_it_on_the_plate_demo.hdf5,demo_36,0,40,131,92,0.2702702702702703,0.8851351351351351
pick_up_the_black_bowl_on_the_stove_and_place_it_on_the_plate_demo.hdf5,demo_36,1,133,133,1,0.8986486486486487,0.8986486486486487
pick_up_the_black_bowl_on_the_stove_and_place_it_on_the_plate_demo.hdf5,demo_37,0,28,114,87,0.21875,0.890625
pick_up_the_black_bowl_on_the_stove_and_place_it_on_the_plate_demo.hdf5,demo_38,0,30,124,95,0.22556390977443608,0.9323308270676691
pick_up_the_black_bowl_on_the_stove_and_place_it_on_the_plate_demo.hdf5,demo_39,0,32,119,88,0.25,0.9296875
pick_up_the_black_bowl_on_the_stove_and_place_it_on_the_plate_demo.hdf5,demo_40,0,34,123,90,0.26153846153846155,0.9461538461538461
pick_up_the_black_bowl_on_the_stove_and_place_it_on_the_plate_demo.hdf5,demo_41,0,27,113,87,0.20930232558139536,0.875968992248062
pick_up_the_black_bowl_on_the_stove_and_place_it_on_the_plate_demo.hdf5,demo_42,0,27,84,58,0.1534090909090909,0.4772727272727273
pick_up_the_black_bowl_on_the_stove_and_place_it_on_the_plate_demo.hdf5,demo_42,1,109,161,53,0.6193181818181818,0.9147727272727273
pick_up_the_black_bowl_on_the_stove_and_place_it_on_the_plate_demo.hdf5,demo_43,0,28,60,33,0.16470588235294117,0.35294117647058826
pick_up_the_black_bowl_on_the_stove_and_place_it_on_the_plate_demo.hdf5,demo_43,1,72,163,92,0.4235294117647059,0.9588235294117647
pick_up_the_black_bowl_on_the_stove_and_place_it_on_the_plate_demo.hdf5,demo_44,0,34,125,92,0.24113475177304963,0.8865248226950354
pick_up_the_black_bowl_on_the_stove_and_place_it_on_the_plate_demo.hdf5,demo_45,0,25,127,103,0.176056338028169,0.8943661971830986
pick_up_the_black_bowl_on_the_stove_and_place_it_on_the_plate_demo.hdf5,demo_46,0,32,72,41,0.17777777777777778,0.4
pick_up_the_black_bowl_on_the_stove_and_place_it_on_the_plate_demo.hdf5,demo_46,1,87,171,85,0.48333333333333334,0.95
pick_up_the_black_bowl_on_the_stove_and_place_it_on_the_plate_demo.hdf5,demo_47,0,30,113,84,0.24193548387096775,0.9112903225806451
pick_up_the_black_bowl_on_the_stove_and_place_it_on_the_plate_demo.hdf5,demo_48,0,29,118,90,0.21323529411764705,0.8676470588235294
pick_up_the_black_bowl_on_the_stove_and_place_it_on_the_plate_demo.hdf5,demo_49,0,33,148,116,0.21428571428571427,0.961038961038961
pick_up_the_black_bowl_on_the_wooden_cabinet_and_place_it_on_the_plate_demo.hdf5,demo_0,0,50,122,73,0.36764705882352944,0.8970588235294118
pick_up_the_black_bowl_on_the_wooden_cabinet_and_place_it_on_the_plate_demo.hdf5,demo_1,0,49,121,73,0.35507246376811596,0.8768115942028986
pick_up_the_black_bowl_on_the_wooden_cabinet_and_place_it_on_the_plate_demo.hdf5,demo_2,0,38,116,79,0.2923076923076923,0.8923076923076924
pick_up_the_black_bowl_on_the_wooden_cabinet_and_place_it_on_the_plate_demo.hdf5,demo_3,0,45,121,77,0.33088235294117646,0.8897058823529411
pick_up_the_black_bowl_on_the_wooden_cabinet_and_place_it_on_the_plate_demo.hdf5,demo_4,0,50,131,82,0.3448275862068966,0.903448275862069
pick_up_the_black_bowl_on_the_wooden_cabinet_and_place_it_on_the_plate_demo.hdf5,demo_5,0,41,125,85,0.2949640287769784,0.8992805755395683
pick_up_the_black_bowl_on_the_wooden_cabinet_and_place_it_on_the_plate_demo.hdf5,demo_6,0,55,150,96,0.3353658536585366,0.9146341463414634
pick_up_the_black_bowl_on_the_wooden_cabinet_and_place_it_on_the_plate_demo.hdf5,demo_7,0,42,109,68,0.35294117647058826,0.9159663865546218
pick_up_the_black_bowl_on_the_wooden_cabinet_and_place_it_on_the_plate_demo.hdf5,demo_8,0,49,120,72,0.362962962962963,0.8888888888888888
pick_up_the_black_bowl_on_the_wooden_cabinet_and_place_it_on_the_plate_demo.hdf5,demo_9,0,46,67,22,0.2658959537572254,0.3872832369942196
pick_up_the_black_bowl_on_the_wooden_cabinet_and_place_it_on_the_plate_demo.hdf5,demo_9,1,80,159,80,0.4624277456647399,0.9190751445086706
pick_up_the_black_bowl_on_the_wooden_cabinet_and_place_it_on_the_plate_demo.hdf5,demo_10,0,48,127,80,0.3380281690140845,0.8943661971830986
pick_up_the_black_bowl_on_the_wooden_cabinet_and_place_it_on_the_plate_demo.hdf5,demo_11,0,39,115,77,0.29770992366412213,0.8778625954198473
pick_up_the_black_bowl_on_the_wooden_cabinet_and_place_it_on_the_plate_demo.hdf5,demo_12,0,41,112,72,0.3253968253968254,0.8888888888888888
pick_up_the_black_bowl_on_the_wooden_cabinet_and_place_it_on_the_plate_demo.hdf5,demo_13,0,37,116,80,0.27611940298507465,0.8656716417910447
pick_up_the_black_bowl_on_the_wooden_cabinet_and_place_it_on_the_plate_demo.hdf5,demo_14,0,48,120,73,0.35294117647058826,0.8823529411764706
pick_up_the_black_bowl_on_the_wooden_cabinet_and_place_it_on_the_plate_demo.hdf5,demo_15,0,40,113,74,0.20725388601036268,0.5854922279792746
pick_up_the_black_bowl_on_the_wooden_cabinet_and_place_it_on_the_plate_demo.hdf5,demo_16,0,49,133,85,0.34507042253521125,0.9366197183098591
pick_up_the_black_bowl_on_the_wooden_cabinet_and_place_it_on_the_plate_demo.hdf5,demo_17,0,56,124,69,0.3076923076923077,0.6813186813186813
pick_up_the_black_bowl_on_the_wooden_cabinet_and_place_it_on_the_plate_demo.hdf5,demo_17,1,145,168,24,0.7967032967032966,0.9230769230769231
pick_up_the_black_bowl_on_the_wooden_cabinet_and_place_it_on_the_plate_demo.hdf5,demo_18,0,43,119,77,0.3233082706766917,0.8947368421052632
pick_up_the_black_bowl_on_the_wooden_cabinet_and_place_it_on_the_plate_demo.hdf5,demo_19,0,42,119,78,0.3111111111111111,0.8814814814814815
pick_up_the_black_bowl_on_the_wooden_cabinet_and_place_it_on_the_plate_demo.hdf5,demo_20,0,51,124,74,0.3722627737226277,0.9051094890510949
pick_up_the_black_bowl_on_the_wooden_cabinet_and_place_it_on_the_plate_demo.hdf5,demo_21,0,46,123,78,0.3357664233576642,0.8978102189781022
pick_up_the_black_bowl_on_the_wooden_cabinet_and_place_it_on_the_plate_demo.hdf5,demo_22,0,45,120,76,0.3103448275862069,0.8275862068965517
pick_up_the_black_bowl_on_the_wooden_cabinet_and_place_it_on_the_plate_demo.hdf5,demo_22,1,123,131,9,0.8482758620689655,0.903448275862069
pick_up_the_black_bowl_on_the_wooden_cabinet_and_place_it_on_the_plate_demo.hdf5,demo_23,0,41,125,85,0.29285714285714287,0.8928571428571429
pick_up_the_black_bowl_on_the_wooden_cabinet_and_place_it_on_the_plate_demo.hdf5,demo_24,0,39,115,77,0.31451612903225806,0.9274193548387096
pick_up_the_black_bowl_on_the_wooden_cabinet_and_place_it_on_the_plate_demo.hdf5,demo_25,0,39,122,84,0.2765957446808511,0.8652482269503546
pick_up_the_black_bowl_on_the_wooden_cabinet_and_place_it_on_the_plate_demo.hdf5,demo_26,0,48,125,78,0.3356643356643357,0.8741258741258742
pick_up_the_black_bowl_on_the_wooden_cabinet_and_place_it_on_the_plate_demo.hdf5,demo_27,0,46,118,73,0.3709677419354839,0.9516129032258065
pick_up_the_black_bowl_on_the_wooden_cabinet_and_place_it_on_the_plate_demo.hdf5,demo_28,0,42,127,86,0.2978723404255319,0.900709219858156
pick_up_the_black_bowl_on_the_wooden_cabinet_and_place_it_on_the_plate_demo.hdf5,demo_29,0,40,110,71,0.32786885245901637,0.9016393442622951
pick_up_the_black_bowl_on_the_wooden_cabinet_and_place_it_on_the_plate_demo.hdf5,demo_30,0,49,121,73,0.3712121212121212,0.9166666666666666
pick_up_the_black_bowl_on_the_wooden_cabinet_and_place_it_on_the_plate_demo.hdf5,demo_31,0,42,115,74,0.336,0.92
pick_up_the_black_bowl_on_the_wooden_cabinet_and_place_it_on_the_plate_demo.hdf5,demo_32,0,45,115,71,0.34615384615384615,0.8846153846153846
pick_up_the_black_bowl_on_the_wooden_cabinet_and_place_it_on_the_plate_demo.hdf5,demo_33,0,53,136,84,0.3680555555555556,0.9444444444444444
pick_up_the_black_bowl_on_the_wooden_cabinet_and_place_it_on_the_plate_demo.hdf5,demo_34,0,51,125,75,0.35172413793103446,0.8620689655172413
pick_up_the_black_bowl_on_the_wooden_cabinet_and_place_it_on_the_plate_demo.hdf5,demo_35,0,37,115,79,0.296,0.92
pick_up_the_black_bowl_on_the_wooden_cabinet_and_place_it_on_the_plate_demo.hdf5,demo_35,1,119,119,1,0.952,0.952
pick_up_the_black_bowl_on_the_wooden_cabinet_and_place_it_on_the_plate_demo.hdf5,demo_36,0,52,119,68,0.39097744360902253,0.8947368421052632
pick_up_the_black_bowl_on_the_wooden_cabinet_and_place_it_on_the_plate_demo.hdf5,demo_37,0,52,132,81,0.37681159420289856,0.9565217391304348
pick_up_the_black_bowl_on_the_wooden_cabinet_and_place_it_on_the_plate_demo.hdf5,demo_38,0,54,125,72,0.38571428571428573,0.8928571428571429
pick_up_the_black_bowl_on_the_wooden_cabinet_and_place_it_on_the_plate_demo.hdf5,demo_39,0,42,112,71,0.33070866141732286,0.8818897637795275
pick_up_the_black_bowl_on_the_wooden_cabinet_and_place_it_on_the_plate_demo.hdf5,demo_40,0,47,122,76,0.3381294964028777,0.8776978417266187
pick_up_the_black_bowl_on_the_wooden_cabinet_and_place_it_on_the_plate_demo.hdf5,demo_41,0,48,117,70,0.375,0.9140625
pick_up_the_black_bowl_on_the_wooden_cabinet_and_place_it_on_the_plate_demo.hdf5,demo_42,0,45,118,74,0.3409090909090909,0.8939393939393939
pick_up_the_black_bowl_on_the_wooden_cabinet_and_place_it_on_the_plate_demo.hdf5,demo_43,0,44,114,71,0.34375,0.890625
pick_up_the_black_bowl_on_the_wooden_cabinet_and_place_it_on_the_plate_demo.hdf5,demo_44,0,43,117,75,0.3282442748091603,0.8931297709923665
pick_up_the_black_bowl_on_the_wooden_cabinet_and_place_it_on_the_plate_demo.hdf5,demo_45,0,49,116,68,0.3769230769230769,0.8923076923076924
pick_up_the_black_bowl_on_the_wooden_cabinet_and_place_it_on_the_plate_demo.hdf5,demo_46,0,46,126,81,0.33093525179856115,0.9064748201438849
pick_up_the_black_bowl_on_the_wooden_cabinet_and_place_it_on_the_plate_demo.hdf5,demo_47,0,52,122,71,0.38235294117647056,0.8970588235294118
pick_up_the_black_bowl_on_the_wooden_cabinet_and_place_it_on_the_plate_demo.hdf5,demo_48,0,39,107,69,0.3333333333333333,0.9145299145299145
pick_up_the_black_bowl_on_the_wooden_cabinet_and_place_it_on_the_plate_demo.hdf5,demo_49,0,47,128,82,0.34057971014492755,0.927536231884058
