task_file,demo,num_steps,num_close_events,num_open_events,first_close,first_open_after_close,grasp_fraction,release_fraction,holding_steps,ee_path_length
pick_up_the_black_bowl_between_the_plate_and_the_ramekin_and_place_it_on_the_plate_demo.hdf5,demo_0,98,1,1,36,85.0,0.3673469387755102,0.8673469387755102,49.0,0.8601467252215089
pick_up_the_black_bowl_between_the_plate_and_the_ramekin_and_place_it_on_the_plate_demo.hdf5,demo_1,84,1,1,35,73.0,0.4166666666666667,0.8690476190476191,38.0,0.8818316097648844
pick_up_the_black_bowl_between_the_plate_and_the_ramekin_and_place_it_on_the_plate_demo.hdf5,demo_2,90,1,1,39,83.0,0.43333333333333335,0.9222222222222223,44.0,0.8309769711003466
pick_up_the_black_bowl_between_the_plate_and_the_ramekin_and_place_it_on_the_plate_demo.hdf5,demo_3,97,1,1,40,84.0,0.41237113402061853,0.865979381443299,44.0,0.9194019040090571
pick_up_the_black_bowl_between_the_plate_and_the_ramekin_and_place_it_on_the_plate_demo.hdf5,demo_4,105,1,1,50,92.0,0.47619047619047616,0.8761904761904762,42.0,0.8649928048376812
pick_up_the_black_bowl_between_the_plate_and_the_ramekin_and_place_it_on_the_plate_demo.hdf5,demo_5,134,1,1,38,89.0,0.2835820895522388,0.664179104477612,51.0,1.0794409104448228
pick_up_the_black_bowl_between_the_plate_and_the_ramekin_and_place_it_on_the_plate_demo.hdf5,demo_6,92,1,1,32,78.0,0.34782608695652173,0.8478260869565217,46.0,0.8646284302004724
pick_up_the_black_bowl_between_the_plate_and_the_ramekin_and_place_it_on_the_plate_demo.hdf5,demo_7,92,1,1,33,78.0,0.358695652173913,0.8478260869565217,45.0,0.8578958555092737
pick_up_the_black_bowl_between_the_plate_and_the_ramekin_and_place_it_on_the_plate_demo.hdf5,demo_8,79,1,1,31,72.0,0.3924050632911392,0.9113924050632911,41.0,0.7616897097141955
pick_up_the_black_bowl_between_the_plate_and_the_ramekin_and_place_it_on_the_plate_demo.hdf5,demo_9,89,1,1,36,78.0,0.4044943820224719,0.8764044943820225,42.0,0.8385662930909199
pick_up_the_black_bowl_between_the_plate_and_the_ramekin_and_place_it_on_the_plate_demo.hdf5,demo_10,93,1,1,43,84.0,0.46236559139784944,0.9032258064516129,41.0,0.9343321246966672
pick_up_the_black_bowl_between_the_plate_and_the_ramekin_and_place_it_on_the_plate_demo.hdf5,demo_11,128,2,2,39,59.0,0.3046875,0.4609375,20.0,1.1698903950444695
pick_up_the_black_bowl_between_the_plate_and_the_ramekin_and_place_it_on_the_plate_demo.hdf5,demo_12,86,1,1,39,77.0,0.45348837209302323,0.8953488372093024,38.0,0.8037350450575517
pick_up_the_black_bowl_between_the_plate_and_the_ramekin_and_place_it_on_the_plate_demo.hdf5,demo_13,88,1,1,37,77.0,0.42045454545454547,0.875,40.0,0.8316091564963045
pick_up_the_black_bowl_between_the_plate_and_the_ramekin_and_place_it_on_the_plate_demo.hdf5,demo_14,112,3,2,43,47.0,0.38392857142857145,0.41964285714285715,4.0,1.095303698002675
pick_up_the_black_bowl_between_the_plate_and_the_ramekin_and_place_it_on_the_plate_demo.hdf5,demo_15,84,1,1,36,75.0,0.42857142857142855,0.8928571428571429,39.0,0.7709458712929904
pick_up_the_black_bowl_between_the_plate_and_the_ramekin_and_place_it_on_the_plate_demo.hdf5,demo_16,89,1,1,36,81.0,0.4044943820224719,0.9101123595505618,45.0,0.8160377557413425
pick_up_the_black_bowl_between_the_plate_and_the_ramekin_and_place_it_on_the_plate_demo.hdf5,demo_17,97,2,1,38,85.0,0.3917525773195876,0.8762886597938144,47.0,0.9286867956317124
pick_up_the_black_bowl_between_the_plate_and_the_ramekin_and_place_it_on_the_plate_demo.hdf5,demo_18,75,1,1,29,66.0,0.38666666666666666,0.88,37.0,0.6975072693180269
pick_up_the_black_bowl_between_the_plate_and_the_ramekin_and_place_it_on_the_plate_demo.hdf5,demo_19,99,1,1,47,86.0,0.47474747474747475,0.8686868686868687,39.0,0.8776514831182819
pick_up_the_black_bowl_between_the_plate_and_the_ramekin_and_place_it_on_the_plate_demo.hdf5,demo_20,87,1,1,38,78.0,0.4367816091954023,0.896551724137931,40.0,0.7193964985472621
pick_up_the_black_bowl_between_the_plate_and_the_ramekin_and_place_it_on_the_plate_demo.hdf5,demo_21,121,1,1,38,106.0,0.3140495867768595,0.8760330578512396,68.0,1.0835017070015147
pick_up_the_black_bowl_between_the_plate_and_the_ramekin_and_place_it_on_the_plate_demo.hdf5,demo_22,96,1,1,42,82.0,0.4375,0.8541666666666666,40.0,0.8684097463620237
pick_up_the_black_bowl_between_the_plate_and_the_ramekin_and_place_it_on_the_plate_demo.hdf5,demo_23,85,1,1,34,78.0,0.4,0.9176470588235294,44.0,0.7211596653537653
pick_up_the_black_bowl_between_the_plate_and_the_ramekin_and_place_it_on_the_plate_demo.hdf5,demo_24,100,1,1,34,82.0,0.34,0.82,48.0,0.876827939272501
pick_up_the_black_bowl_between_the_plate_and_the_ramekin_and_place_it_on_the_plate_demo.hdf5,demo_25,91,1,0,36,,0.3956043956043956,,,0.794281267933339
pick_up_the_black_bowl_between_the_plate_and_the_ramekin_and_place_it_on_the_plate_demo.hdf5,demo_26,105,1,1,41,90.0,0.3904761904761905,0.8571428571428571,49.0,0.9675180520150795
pick_up_the_black_bowl_between_the_plate_and_the_ramekin_and_place_it_on_the_plate_demo.hdf5,demo_27,113,1,1,43,97.0,0.3805309734513274,0.8584070796460177,54.0,0.9352618148363417
pick_up_the_black_bowl_between_the_plate_and_the_ramekin_and_place_it_on_the_plate_demo.hdf5,demo_28,92,1,1,31,77.0,0.33695652173913043,0.8369565217391305,46.0,0.8135596456875238
pick_up_the_black_bowl_between_the_plate_and_the_ramekin_and_place_it_on_the_plate_demo.hdf5,demo_29,124,1,1,33,106.0,0.2661290322580645,0.8548387096774194,73.0,0.9140961558807538
pick_up_the_black_bowl_between_the_plate_and_the_ramekin_and_place_it_on_the_plate_demo.hdf5,demo_30,127,3,3,32,55.0,0.25196850393700787,0.4330708661417323,23.0,1.1251759383028421
pick_up_the_black_bowl_between_the_plate_and_the_ramekin_and_place_it_on_the_plate_demo.hdf5,demo_31,151,2,2,37,66.0,0.24503311258278146,0.4370860927152318,29.0,1.2718794975412522
pick_up_the_black_bowl_between_the_plate_and_the_ramekin_and_place_it_on_the_plate_demo.hdf5,demo_32,93,1,1,40,84.0,0.43010752688172044,0.9032258064516129,44.0,0.8678715993722287
pick_up_the_black_bowl_between_the_plate_and_the_ramekin_and_place_it_on_the_plate_demo.hdf5,demo_33,111,1,1,37,95.0,0.3333333333333333,0.8558558558558559,58.0,0.9180540662455391
pick_up_the_black_bowl_between_the_plate_and_the_ramekin_and_place_it_on_the_plate_demo.hdf5,demo_34,167,2,2,56,91.0,0.33532934131736525,0.5449101796407185,35.0,1.4973278282968554
pick_up_the_black_bowl_between_the_plate_and_the_ramekin_and_place_it_on_the_plate_demo.hdf5,demo_35,89,1,0,42,,0.47191011235955055,,,0.7898261207375928
pick_up_the_black_bowl_between_the_plate_and_the_ramekin_and_place_it_on_the_plate_demo.hdf5,demo_36,102,1,1,36,88.0,0.35294117647058826,0.8627450980392157,52.0,0.9224333481328499
pick_up_the_black_bowl_between_the_plate_and_the_ramekin_and_place_it_on_the_plate_demo.hdf5,demo_37,168,2,2,41,79.0,0.24404761904761904,0.47023809523809523,38.0,1.3650875355716852
pick_up_the_black_bowl_between_the_plate_and_the_ramekin_and_place_it_on_the_plate_demo.hdf5,demo_38,89,1,1,33,79.0,0.3707865168539326,0.8876404494382022,46.0,0.8533005653979191
pick_up_the_black_bowl_between_the_plate_and_the_ramekin_and_place_it_on_the_plate_demo.hdf5,demo_39,108,1,1,38,97.0,0.35185185185185186,0.8981481481481481,59.0,0.868479393723596
pick_up_the_black_bowl_between_the_plate_and_the_ramekin_and_place_it_on_the_plate_demo.hdf5,demo_40,95,1,1,40,85.0,0.42105263157894735,0.8947368421052632,45.0,0.8974592028285233
pick_up_the_black_bowl_between_the_plate_and_the_ramekin_and_place_it_on_the_plate_demo.hdf5,demo_41,95,1,1,43,85.0,0.45263157894736844,0.8947368421052632,42.0,0.9131178208208892
pick_up_the_black_bowl_between_the_plate_and_the_ramekin_and_place_it_on_the_plate_demo.hdf5,demo_42,109,1,1,37,96.0,0.3394495412844037,0.8807339449541285,59.0,0.904489307625938
pick_up_the_black_bowl_between_the_plate_and_the_ramekin_and_place_it_on_the_plate_demo.hdf5,demo_43,96,1,1,43,80.0,0.4479166666666667,0.8333333333333334,37.0,0.806041244685784
pick_up_the_black_bowl_between_the_plate_and_the_ramekin_and_place_it_on_the_plate_demo.hdf5,demo_44,88,1,1,35,73.0,0.3977272727272727,0.8295454545454546,38.0,0.8028476298672348
pick_up_the_black_bowl_between_the_plate_and_the_ramekin_and_place_it_on_the_plate_demo.hdf5,demo_45,90,1,1,35,81.0,0.3888888888888889,0.9,46.0,0.8444601230962728
pick_up_the_black_bowl_between_the_plate_and_the_ramekin_and_place_it_on_the_plate_demo.hdf5,demo_46,85,1,1,31,72.0,0.36470588235294116,0.8470588235294118,41.0,0.8228326642539379
pick_up_the_black_bowl_between_the_plate_and_the_ramekin_and_place_it_on_the_plate_demo.hdf5,demo_47,92,1,1,39,80.0,0.42391304347826086,0.8695652173913043,41.0,0.8566828516399316
pick_up_the_black_bowl_between_the_plate_and_the_ramekin_and_place_it_on_the_plate_demo.hdf5,demo_48,96,1,1,35,82.0,0.3645833333333333,0.8541666666666666,47.0,0.8326582804044472
pick_up_the_black_bowl_between_the_plate_and_the_ramekin_and_place_it_on_the_plate_demo.hdf5,demo_49,92,1,1,37,78.0,0.40217391304347827,0.8478260869565217,41.0,0.7954473592500585
pick_up_the_black_bowl_from_table_center_and_place_it_on_the_plate_demo.hdf5,demo_0,103,1,1,35,99.0,0.33980582524271846,0.9611650485436893,64.0,0.7944760714013109
pick_up_the_black_bowl_from_table_center_and_place_it_on_the_plate_demo.hdf5,demo_1,123,1,1,50,118.0,0.4065040650406504,0.959349593495935,68.0,0.9328907061163179
pick_up_the_black_bowl_from_table_center_and_place_it_on_the_plate_demo.hdf5,demo_2,122,1,1,36,109.0,0.29508196721311475,0.8934426229508197,73.0,0.8459596640851996
pick_up_the_black_bowl_from_table_center_and_place_it_on_the_plate_demo.hdf5,demo_3,102,1,1,30,96.0,0.29411764705882354,0.9411764705882353,66.0,0.8761913818395962
pick_up_the_black_bowl_from_table_center_and_place_it_on_the_plate_demo.hdf5,demo_4,111,1,1,40,104.0,0.36036036036036034,0.9369369369369369,64.0,0.9404234972600299
pick_up_the_black_bowl_from_table_center_and_place_it_on_the_plate_demo.hdf5,demo_5,111,2,1,46,100.0,0.4144144144144144,0.9009009009009009,54.0,0.8062992216398192
pick_up_the_black_bowl_from_table_center_and_place_it_on_the_plate_demo.hdf5,demo_6,109,1,1,38,99.0,0.3486238532110092,0.908256880733945,61.0,0.7984741270028218
pick_up_the_black_bowl_from_table_center_and_place_it_on_the_plate_demo.hdf5,demo_7,123,1,1,42,114.0,0.34146341463414637,0.926829268292683,72.0,0.926941847262141
pick_up_the_black_bowl_from_table_center_and_place_it_on_the_plate_demo.hdf5,demo_8,111,1,1,42,98.0,0.3783783783783784,0.8828828828828829,56.0,0.8660056889361621
pick_up_the_black_bowl_from_table_center_and_place_it_on_the_plate_demo.hdf5,demo_9,110,1,1,40,104.0,0.36363636363636365,0.9454545454545454,64.0,0.831096290246069
pick_up_the_black_bowl_from_table_center_and_place_it_on_the_plate_demo.hdf5,demo_10,109,1,1,36,103.0,0.3302752293577982,0.944954128440367,67.0,0.8560011818445551
pick_up_the_black_bowl_from_table_center_and_place_it_on_the_plate_demo.hdf5,demo_11,101,1,0,32,,0.31683168316831684,,,0.779515304780706
pick_up_the_black_bowl_from_table_center_and_place_it_on_the_plate_demo.hdf5,demo_12,124,1,1,37,106.0,0.29838709677419356,0.8548387096774194,69.0,0.8722526241221124
pick_up_the_black_bowl_from_table_center_and_place_it_on_the_plate_demo.hdf5,demo_13,122,2,2,34,97.0,0.2786885245901639,0.7950819672131147,63.0,0.9026603882317572
pick_up_the_black_bowl_from_table_center_and_place_it_on_the_plate_demo.hdf5,demo_14,114,1,1,38,101.0,0.3333333333333333,0.8859649122807017,63.0,0.898367510600916
pick_up_the_black_bowl_from_table_center_and_place_it_on_the_plate_demo.hdf5,demo_15,136,1,1,69,127.0,0.5073529411764706,0.9338235294117647,58.0,0.9238346307563413
pick_up_the_black_bowl_from_table_center_and_place_it_on_the_plate_demo.hdf5,demo_16,105,1,1,39,97.0,0.37142857142857144,0.9238095238095239,58.0,0.8020998396612946
pick_up_the_black_bowl_from_table_center_and_place_it_on_the_plate_demo.hdf5,demo_17,164,2,2,46,79.0,0.2804878048780488,0.4817073170731707,33.0,1.2514642164212644
pick_up_the_black_bowl_from_table_center_and_place_it_on_the_plate_demo.hdf5,demo_18,107,1,1,36,98.0,0.3364485981308411,0.9158878504672897,62.0,0.811747322999323
pick_up_the_black_bowl_from_table_center_and_place_it_on_the_plate_demo.hdf5,demo_19,98,1,1,35,92.0,0.35714285714285715,0.9387755102040817,57.0,0.7280416246276439
pick_up_the_black_bowl_from_table_center_and_place_it_on_the_plate_demo.hdf5,demo_20,117,1,1,31,107.0,0.26495726495726496,0.9145299145299145,76.0,0.8663728372576441
pick_up_the_black_bowl_from_table_center_and_place_it_on_the_plate_demo.hdf5,demo_21,108,1,1,40,95.0,0.37037037037037035,0.8796296296296297,55.0,0.8132193452433947
pick_up_the_black_bowl_from_table_center_and_place_it_on_the_plate_demo.hdf5,demo_22,117,4,3,41,98.0,0.3504273504273504,0.8376068376068376,57.0,0.8720163485051887
pick_up_the_black_bowl_from_table_center_and_place_it_on_the_plate_demo.hdf5,demo_23,117,1,1,45,104.0,0.38461538461538464,0.8888888888888888,59.0,0.7527371894004748
pick_up_the_black_bowl_from_table_center_and_place_it_on_the_plate_demo.hdf5,demo_24,106,1,1,37,99.0,0.3490566037735849,0.9339622641509434,62.0,0.7726859738983214
pick_up_the_black_bowl_from_table_center_and_place_it_on_the_plate_demo.hdf5,demo_25,117,1,1,39,107.0,0.3333333333333333,0.9145299145299145,68.0,0.8127844971120087
pick_up_the_black_bowl_from_table_center_and_place_it_on_the_plate_demo.hdf5,demo_26,143,2,1,31,106.0,0.21678321678321677,0.7412587412587412,75.0,0.9078471631629168
pick_up_the_black_bowl_from_table_center_and_place_it_on_the_plate_demo.hdf5,demo_27,125,1,1,42,113.0,0.336,0.904,71.0,0.8488241100599613
pick_up_the_black_bowl_from_table_center_and_place_it_on_the_plate_demo.hdf5,demo_28,111,1,1,35,98.0,0.3153153153153153,0.8828828828828829,63.0,0.7513781043671738
pick_up_the_black_bowl_from_table_center_and_place_it_on_the_plate_demo.hdf5,demo_29,110,1,1,37,99.0,0.33636363636363636,0.9,62.0,0.7877843339481725
pick_up_the_black_bowl_from_table_center_and_place_it_on_the_plate_demo.hdf5,demo_30,115,1,1,39,105.0,0.3391304347826087,0.9130434782608695,66.0,0.8626656203191976
pick_up_the_black_bowl_from_table_center_and_place_it_on_the_plate_demo.hdf5,demo_31,122,1,1,33,109.0,0.27049180327868855,0.8934426229508197,76.0,0.8589331991929977
pick_up_the_black_bowl_from_table_center_and_place_it_on_the_plate_demo.hdf5,demo_32,119,1,1,41,105.0,0.3445378151260504,0.8823529411764706,64.0,0.8452213247470997
pick_up_the_black_bowl_from_table_center_and_place_it_on_the_plate_demo.hdf5,demo_33,121,1,1,50,113.0,0.4132231404958678,0.9338842975206612,63.0,0.8269144876765187
pick_up_the_black_bowl_from_table_center_and_place_it_on_the_plate_demo.hdf5,demo_34,131,1,1,66,128.0,0.5038167938931297,0.9770992366412213,62.0,0.8445921431004897
pick_up_the_black_bowl_from_table_center_and_place_it_on_the_plate_demo.hdf5,demo_35,140,1,1,60,127.0,0.42857142857142855,0.9071428571428571,67.0,0.9013438618459249
pick_up_the_black_bowl_from_table_center_and_place_it_on_the_plate_demo.hdf5,demo_36,121,1,1,46,108.0,0.38016528925619836,0.8925619834710744,62.0,0.9520399519023462
pick_up_the_black_bowl_from_table_center_and_place_it_on_the_plate_demo.hdf5,demo_37,129,1,1,39,116.0,0.3023255813953488,0.8992248062015504,77.0,0.8942567528158516
pick_up_the_black_bowl_from_table_center_and_place_it_on_the_plate_demo.hdf5,demo_38,114,1,1,42,111.0,0.3684210526315789,0.9736842105263158,69.0,0.8011242755248642
pick_up_the_black_bowl_from_table_center_and_place_it_on_the_plate_demo.hdf5,demo_39,115,1,1,36,105.0,0.3130434782608696,0.9130434782608695,69.0,0.7632392349377163
pick_up_the_black_bowl_from_table_center_and_place_it_on_the_plate_demo.hdf5,demo_40,108,1,1,41,105.0,0.37962962962962965,0.9722222222222222,64.0,0.8752492034096867
pick_up_the_black_bowl_from_table_center_and_place_it_on_the_plate_demo.hdf5,demo_41,106,1,1,38,97.0,0.3584905660377358,0.9150943396226415,59.0,0.8335316250654834
pick_up_the_black_bowl_from_table_center_and_place_it_on_the_plate_demo.hdf5,demo_42,138,1,1,45,125.0,0.32608695652173914,0.9057971014492754,80.0,0.849132194758738
pick_up_the_black_bowl_from_table_center_and_place_it_on_the_plate_demo.hdf5,demo_43,93,1,1,33,83.0,0.3548387096774194,0.8924731182795699,50.0,0.8350017694131912
pick_up_the_black_bowl_from_table_center_and_place_it_on_the_plate_demo.hdf5,demo_44,100,1,1,33,92.0,0.33,0.92,59.0,0.7774918178288013
pick_up_the_black_bowl_from_table_center_and_place_it_on_the_plate_demo.hdf5,demo_45,126,1,1,53,123.0,0.42063492063492064,0.9761904761904762,70.0,0.8213579510063527
pick_up_the_black_bowl_from_table_center_and_place_it_on_the_plate_demo.hdf5,demo_46,125,1,1,41,122.0,0.328,0.976,81.0,0.8463342917552898
pick_up_the_black_bowl_from_table_center_and_place_it_on_the_plate_demo.hdf5,demo_47,117,1,1,37,110.0,0.3162393162393162,0.9401709401709402,73.0,0.8934808422807409
pick_up_the_black_bowl_from_table_center_and_place_it_on_the_plate_demo.hdf5,demo_48,131,1,1,34,117.0,0.2595419847328244,0.8931297709923665,83.0,0.8361100169165493
pick_up_the_black_bowl_from_table_center_and_place_it_on_the_plate_demo.hdf5,demo_49,135,1,1,65,123.0,0.48148148148148145,0.9111111111111111,58.0,0.9534252893717603
pick_up_the_black_bowl_in_the_top_drawer_of_the_wooden_cabinet_and_place_it_on_the_plate_demo.hdf5,demo_0,153,1,1,48,139.0,0.3137254901960784,0.9084967320261438,91.0,1.2441458044081006
pick_up_the_black_bowl_in_the_top_drawer_of_the_wooden_cabinet_and_place_it_on_the_plate_demo.hdf5,demo_1,142,1,1,40,129.0,0.28169014084507044,0.9084507042253521,89.0,1.1423787713343474
pick_up_the_black_bowl_in_the_top_drawer_of_the_wooden_cabinet_and_place_it_on_the_plate_demo.hdf5,demo_2,158,1,1,61,148.0,0.3860759493670886,0.9367088607594937,87.0,1.2765175285533719
pick_up_the_black_bowl_in_the_top_drawer_of_the_wooden_cabinet_and_place_it_on_the_plate_demo.hdf5,demo_3,129,1,1,39,115.0,0.3023255813953488,0.8914728682170543,76.0,1.112470723391374
pick_up_the_black_bowl_in_the_top_drawer_of_the_wooden_cabinet_and_place_it_on_the_plate_demo.hdf5,demo_4,143,1,1,48,129.0,0.3356643356643357,0.9020979020979021,81.0,1.165295074766399
pick_up_the_black_bowl_in_the_top_drawer_of_the_wooden_cabinet_and_place_it_on_the_plate_demo.hdf5,demo_5,158,1,1,53,155.0,0.33544303797468356,0.9810126582278481,102.0,1.2337956691991168
pick_up_the_black_bowl_in_the_top_drawer_of_the_wooden_cabinet_and_place_it_on_the_plate_demo.hdf5,demo_6,167,1,1,47,156.0,0.281437125748503,0.9341317365269461,109.0,1.2249457968595734
pick_up_the_black_bowl_in_the_top_drawer_of_the_wooden_cabinet_and_place_it_on_the_plate_demo.hdf5,demo_7,156,1,1,54,143.0,0.34615384615384615,0.9166666666666666,89.0,1.212376685336513
pick_up_the_black_bowl_in_the_top_drawer_of_the_wooden_cabinet_and_place_it_on_the_plate_demo.hdf5,demo_8,159,1,1,45,146.0,0.2830188679245283,0.9182389937106918,101.0,1.1769297521049236
pick_up_the_black_bowl_in_the_top_drawer_of_the_wooden_cabinet_and_place_it_on_the_plate_demo.hdf5,demo_9,132,1,1,53,123.0,0.4015151515151515,0.9318181818181818,70.0,1.2235943872148365
pick_up_the_black_bowl_in_the_top_drawer_of_the_wooden_cabinet_and_place_it_on_the_plate_demo.hdf5,demo_10,139,1,1,45,126.0,0.3237410071942446,0.9064748201438849,81.0,1.088844140545333
pick_up_the_black_bowl_in_the_top_drawer_of_the_wooden_cabinet_and_place_it_on_the_plate_demo.hdf5,demo_11,182,1,1,59,169.0,0.3241758241758242,0.9285714285714286,110.0,1.2521157860864913
pick_up_the_black_bowl_in_the_top_drawer_of_the_wooden_cabinet_and_place_it_on_the_plate_demo.hdf5,demo_12,145,1,1,52,137.0,0.3586206896551724,0.9448275862068966,85.0,1.261374058834717
pick_up_the_black_bowl_in_the_top_drawer_of_the_wooden_cabinet_and_place_it_on_the_plate_demo.hdf5,demo_13,141,1,1,49,137.0,0.3475177304964539,0.9716312056737588,88.0,1.1387014619158666
pick_up_the_black_bowl_in_the_top_drawer_of_the_wooden_cabinet_and_place_it_on_the_plate_demo.hdf5,demo_14,138,1,1,46,135.0,0.3333333333333333,0.9782608695652174,89.0,1.0737997311412353
pick_up_the_black_bowl_in_the_top_drawer_of_the_wooden_cabinet_and_place_it_on_the_plate_demo.hdf5,demo_15,150,1,1,44,138.0,0.29333333333333333,0.92,94.0,1.1418151469730429
pick_up_the_black_bowl_in_the_top_drawer_of_the_wooden_cabinet_and_place_it_on_the_plate_demo.hdf5,demo_16,131,1,1,47,123.0,0.35877862595419846,0.9389312977099237,76.0,1.0878096945999267
pick_up_the_black_bowl_in_the_top_drawer_of_the_wooden_cabinet_and_place_it_on_the_plate_demo.hdf5,demo_17,156,1,1,59,143.0,0.3782051282051282,0.9166666666666666,84.0,1.1949860876710336
pick_up_the_black_bowl_in_the_top_drawer_of_the_wooden_cabinet_and_place_it_on_the_plate_demo.hdf5,demo_18,148,1,1,52,134.0,0.35135135135135137,0.9054054054054054,82.0,1.0829848788546763
pick_up_the_black_bowl_in_the_top_drawer_of_the_wooden_cabinet_and_place_it_on_the_plate_demo.hdf5,demo_19,162,1,1,54,150.0,0.3333333333333333,0.9259259259259259,96.0,1.2522125781432472
pick_up_the_black_bowl_in_the_top_drawer_of_the_wooden_cabinet_and_place_it_on_the_plate_demo.hdf5,demo_20,153,1,1,59,146.0,0.38562091503267976,0.954248366013072,87.0,1.1892444883773858
pick_up_the_black_bowl_in_the_top_drawer_of_the_wooden_cabinet_and_place_it_on_the_plate_demo.hdf5,demo_21,163,1,1,53,156.0,0.32515337423312884,0.9570552147239264,103.0,1.2356083172247085
pick_up_the_black_bowl_in_the_top_drawer_of_the_wooden_cabinet_and_place_it_on_the_plate_demo.hdf5,demo_22,149,1,1,57,135.0,0.3825503355704698,0.9060402684563759,78.0,1.1532255104118452
pick_up_the_black_bowl_in_the_top_drawer_of_the_wooden_cabinet_and_place_it_on_the_plate_demo.hdf5,demo_23,165,1,1,49,155.0,0.296969696969697,0.9393939393939394,106.0,1.2282786349435157
pick_up_the_black_bowl_in_the_top_drawer_of_the_wooden_cabinet_and_place_it_on_the_plate_demo.hdf5,demo_24,140,1,1,42,131.0,0.3,0.9357142857142857,89.0,1.0349030315665662
pick_up_the_black_bowl_in_the_top_drawer_of_the_wooden_cabinet_and_place_it_on_the_plate_demo.hdf5,demo_25,151,1,1,54,133.0,0.3576158940397351,0.8807947019867549,79.0,1.2605632137703284
pick_up_the_black_bowl_in_the_top_drawer_of_the_wooden_cabinet_and_place_it_on_the_plate_demo.hdf5,demo_26,149,2,2,50,126.0,0.33557046979865773,0.8456375838926175,76.0,1.25012902971276
pick_up_the_black_bowl_in_the_top_drawer_of_the_wooden_cabinet_and_place_it_on_the_plate_demo.hdf5,demo_27,132,1,1,44,120.0,0.3333333333333333,0.9090909090909091,76.0,1.0741519616630777
pick_up_the_black_bowl_in_the_top_drawer_of_the_wooden_cabinet_and_place_it_on_the_plate_demo.hdf5,demo_28,142,1,1,55,129.0,0.3873239436619718,0.9084507042253521,74.0,1.0763018013964776
pick_up_the_black_bowl_in_the_top_drawer_of_the_wooden_cabinet_and_place_it_on_the_plate_demo.hdf5,demo_29,139,1,1,51,124.0,0.3669064748201439,0.8920863309352518,73.0,1.1999044978139652
pick_up_the_black_bowl_in_the_top_drawer_of_the_wooden_cabinet_and_place_it_on_the_plate_demo.hdf5,demo_30,171,1,1,54,159.0,0.3157894736842105,0.9298245614035088,105.0,1.276935238176073
pick_up_the_black_bowl_in_the_top_drawer_of_the_wooden_cabinet_and_place_it_on_the_plate_demo.hdf5,demo_31,190,1,1,56,172.0,0.29473684210526313,0.9052631578947369,116.0,1.4633028863663486
pick_up_the_black_bowl_in_the_top_drawer_of_the_wooden_cabinet_and_place_it_on_the_plate_demo.hdf5,demo_32,156,1,1,61,151.0,0.391025641025641,0.967948717948718,90.0,1.2017105366139502
pick_up_the_black_bowl_in_the_top_drawer_of_the_wooden_cabinet_and_place_it_on_the_plate_demo.hdf5,demo_33,147,1,1,52,132.0,0.35374149659863946,0.8979591836734694,80.0,1.1450848805542462
pick_up_the_black_bowl_in_the_top_drawer_of_the_wooden_cabinet_and_place_it_on_the_plate_demo.hdf5,demo_34,131,1,1,52,123.0,0.3969465648854962,0.9389312977099237,71.0,1.1544588790649948
pick_up_the_black_bowl_in_the_top_drawer_of_the_wooden_cabinet_and_place_it_on_the_plate_demo.hdf5,demo_35,172,1,1,55,146.0,0.31976744186046513,0.8488372093023255,91.0,1.3262284657998822
pick_up_the_black_bowl_in_the_top_drawer_of_the_wooden_cabinet_and_place_it_on_the_plate_demo.hdf5,demo_36,163,1,1,66,149.0,0.4049079754601227,0.9141104294478528,83.0,1.2216844005740926
pick_up_the_black_bowl_in_the_top_drawer_of_the_wooden_cabinet_and_place_it_on_the_plate_demo.hdf5,demo_37,138,1,1,44,124.0,0.3188405797101449,0.8985507246376812,80.0,1.0569653950790694
pick_up_the_black_bowl_in_the_top_drawer_of_the_wooden_cabinet_and_place_it_on_the_plate_demo.hdf5,demo_38,140,1,1,58,136.0,0.4142857142857143,0.9714285714285714,78.0,1.21860801846026
pick_up_the_black_bowl_in_the_top_drawer_of_the_wooden_cabinet_and_place_it_on_the_plate_demo.hdf5,demo_39,169,1,1,64,151.0,0.378698224852071,0.893491124260355,87.0,1.2790171037108515
pick_up_the_black_bowl_in_the_top_drawer_of_the_wooden_cabinet_and_place_it_on_the_plate_demo.hdf5,demo_40,157,1,1,58,144.0,0.36942675159235666,0.9171974522292994,86.0,1.2338387728356168
pick_up_the_black_bowl_in_the_top_drawer_of_the_wooden_cabinet_and_place_it_on_the_plate_demo.hdf5,demo_41,134,1,1,45,129.0,0.3358208955223881,0.9626865671641791,84.0,1.0681083646489904
pick_up_the_black_bowl_in_the_top_drawer_of_the_wooden_cabinet_and_place_it_on_the_plate_demo.hdf5,demo_42,127,1,1,45,123.0,0.3543307086614173,0.968503937007874,78.0,1.0673587881002806
pick_up_the_black_bowl_in_the_top_drawer_of_the_wooden_cabinet_and_place_it_on_the_plate_demo.hdf5,demo_43,137,1,1,45,123.0,0.3284671532846715,0.8978102189781022,78.0,1.1190564017781977
pick_up_the_black_bowl_in_the_top_drawer_of_the_wooden_cabinet_and_place_it_on_the_plate_demo.hdf5,demo_44,137,1,1,46,128.0,0.3357664233576642,0.9343065693430657,82.0,1.1032315288975227
pick_up_the_black_bowl_in_the_top_drawer_of_the_wooden_cabinet_and_place_it_on_the_plate_demo.hdf5,demo_45,169,1,1,52,155.0,0.3076923076923077,0.9171597633136095,103.0,1.2023277812306197
pick_up_the_black_bowl_in_the_top_drawer_of_the_wooden_cabinet_and_place_it_on_the_plate_demo.hdf5,demo_46,147,1,1,48,137.0,0.32653061224489793,0.9319727891156463,89.0,1.183361280976364
pick_up_the_black_bowl_in_the_top_drawer_of_the_wooden_cabinet_and_place_it_on_the_plate_demo.hdf5,demo_47,151,1,1,46,139.0,0.304635761589404,0.9205298013245033,93.0,1.1499028303644754
pick_up_the_black_bowl_in_the_top_drawer_of_the_wooden_cabinet_and_place_it_on_the_plate_demo.hdf5,demo_48,134,2,1,53,126.0,0.39552238805970147,0.9402985074626866,73.0,1.1821108528464748
pick_up_the_black_bowl_in_the_top_drawer_of_the_wooden_cabinet_and_place_it_on_the_plate_demo.hdf5,demo_49,137,1,1,47,131.0,0.34306569343065696,0.9562043795620438,84.0,1.1651608433359373
pick_up_the_black_bowl_next_to_the_cookie_box_and_place_it_on_the_plate_demo.hdf5,demo_0,123,1,1,48,122.0,0.3902439024390244,0.991869918699187,74.0,0.9428642840902767
pick_up_the_black_bowl_next_to_the_cookie_box_and_place_it_on_the_plate_demo.hdf5,demo_1,137,1,1,53,128.0,0.38686131386861317,0.9343065693430657,75.0,1.072682356689921
pick_up_the_black_bowl_next_to_the_cookie_box_and_place_it_on_the_plate_demo.hdf5,demo_2,125,1,1,46,95.0,0.368,0.76,49.0,1.0596096633681755
pick_up_the_black_bowl_next_to_the_cookie_box_and_place_it_on_the_plate_demo.hdf5,demo_3,108,1,1,45,100.0,0.4166666666666667,0.9259259259259259,55.0,0.9282926237996144
pick_up_the_black_bowl_next_to_the_cookie_box_and_place_it_on_the_plate_demo.hdf5,demo_4,123,1,1,62,114.0,0.5040650406504065,0.926829268292683,52.0,1.1060796840645384
pick_up_the_black_bowl_next_to_the_cookie_box_and_place_it_on_the_plate_demo.hdf5,demo_5,130,1,1,49,116.0,0.3769230769230769,0.8923076923076924,67.0,1.0776454073678434
pick_up_the_black_bowl_next_to_the_cookie_box_and_place_it_on_the_plate_demo.hdf5,demo_6,124,1,1,43,98.0,0.3467741935483871,0.7903225806451613,55.0,0.9486142101531162
pick_up_the_black_bowl_next_to_the_cookie_box_and_place_it_on_the_plate_demo.hdf5,demo_7,123,1,1,50,109.0,0.4065040650406504,0.8861788617886179,59.0,0.9832496903679486
pick_up_the_black_bowl_next_to_the_cookie_box_and_place_it_on_the_plate_demo.hdf5,demo_8,133,1,1,47,119.0,0.3533834586466165,0.8947368421052632,72.0,1.0188065779020417
pick_up_the_black_bowl_next_to_the_cookie_box_and_place_it_on_the_plate_demo.hdf5,demo_9,113,1,1,49,107.0,0.4336283185840708,0.9469026548672567,58.0,1.0339529099349867
pick_up_the_black_bowl_next_to_the_cookie_box_and_place_it_on_the_plate_demo.hdf5,demo_10,127,1,1,57,116.0,0.44881889763779526,0.9133858267716536,59.0,1.0170798979483906
pick_up_the_black_bowl_next_to_the_cookie_box_and_place_it_on_the_plate_demo.hdf5,demo_11,111,1,1,51,108.0,0.4594594594594595,0.972972972972973,57.0,0.9324999687655455
pick_up_the_black_bowl_next_to_the_cookie_box_and_place_it_on_the_plate_demo.hdf5,demo_12,124,1,1,54,118.0,0.43548387096774194,0.9516129032258065,64.0,1.0116594443048204
pick_up_the_black_bowl_next_to_the_cookie_box_and_place_it_on_the_plate_demo.hdf5,demo_13,124,1,1,53,116.0,0.4274193548387097,0.9354838709677419,63.0,0.9976483179791377
pick_up_the_black_bowl_next_to_the_cookie_box_and_place_it_on_the_plate_demo.hdf5,demo_14,141,1,1,46,131.0,0.3262411347517731,0.9290780141843972,85.0,1.0585231734816305
pick_up_the_black_bowl_next_to_the_cookie_box_and_place_it_on_the_plate_demo.hdf5,demo_15,106,1,1,43,92.0,0.4056603773584906,0.8679245283018868,49.0,1.0031679216547886
pick_up_the_black_bowl_next_to_the_cookie_box_and_place_it_on_the_plate_demo.hdf5,demo_16,118,1,1,51,102.0,0.4322033898305085,0.864406779661017,51.0,0.9772124625380983
pick_up_the_black_bowl_next_to_the_cookie_box_and_place_it_on_the_plate_demo.hdf5,demo_17,141,2,2,43,67.0,0.3049645390070922,0.475177304964539,24.0,1.250247788118628
pick_up_the_black_bowl_next_to_the_cookie_box_and_place_it_on_the_plate_demo.hdf5,demo_18,130,1,1,51,116.0,0.3923076923076923,0.8923076923076924,65.0,1.0735413826128692
pick_up_the_black_bowl_next_to_the_cookie_box_and_place_it_on_the_plate_demo.hdf5,demo_19,113,1,1,48,103.0,0.4247787610619469,0.911504424778761,55.0,0.9901139413937041
pick_up_the_black_bowl_next_to_the_cookie_box_and_place_it_on_the_plate_demo.hdf5,demo_20,122,1,1,48,113.0,0.39344262295081966,0.9262295081967213,65.0,1.040243980777717
pick_up_the_black_bowl_next_to_the_cookie_box_and_place_it_on_the_plate_demo.hdf5,demo_21,108,1,1,48,101.0,0.4444444444444444,0.9351851851851852,53.0,0.9607207543074656
pick_up_the_black_bowl_next_to_the_cookie_box_and_place_it_on_the_plate_demo.hdf5,demo_22,124,1,1,53,118.0,0.4274193548387097,0.9516129032258065,65.0,1.010086301980657
pick_up_the_black_bowl_next_to_the_cookie_box_and_place_it_on_the_plate_demo.hdf5,demo_23,120,1,1,51,114.0,0.425,0.95,63.0,1.0378812872946221
pick_up_the_black_bowl_next_to_the_cookie_box_and_place_it_on_the_plate_demo.hdf5,demo_24,133,1,1,56,125.0,0.42105263157894735,0.9398496240601504,69.0,1.120568041224752
pick_up_the_black_bowl_next_to_the_cookie_box_and_place_it_on_the_plate_demo.hdf5,demo_25,146,1,1,56,132.0,0.3835616438356164,0.9041095890410958,76.0,1.1746572320596902
pick_up_the_black_bowl_next_to_the_cookie_box_and_place_it_on_the_plate_demo.hdf5,demo_26,122,1,1,51,114.0,0.4180327868852459,0.9344262295081968,63.0,1.0708807051421068
pick_up_the_black_bowl_next_to_the_cookie_box_and_place_it_on_the_plate_demo.hdf5,demo_27,129,1,1,48,115.0,0.37209302325581395,0.8914728682170543,67.0,1.0181895757259993
pick_up_the_black_bowl_next_to_the_cookie_box_and_place_it_on_the_plate_demo.hdf5,demo_28,155,3,3,44,61.0,0.2838709677419355,0.3935483870967742,17.0,1.0907660030860047
pick_up_the_black_bowl_next_to_the_cookie_box_and_place_it_on_the_plate_demo.hdf5,demo_29,123,1,1,54,108.0,0.43902439024390244,0.8780487804878049,54.0,1.0490268176510829
pick_up_the_black_bowl_next_to_the_cookie_box_and_place_it_on_the_plate_demo.hdf5,demo_30,135,1,1,54,121.0,0.4,0.8962962962962963,67.0,1.015819316996173
pick_up_the_black_bowl_next_to_the_cookie_box_and_place_it_on_the_plate_demo.hdf5,demo_31,141,1,1,45,128.0,0.3191489361702128,0.9078014184397163,83.0,1.049556420918651
pick_up_the_black_bowl_next_to_the_cookie_box_and_place_it_on_the_plate_demo.hdf5,demo_32,124,1,1,52,115.0,0.41935483870967744,0.9274193548387096,63.0,1.0282880100129344
pick_up_the_black_bowl_next_to_the_cookie_box_and_place_it_on_the_plate_demo.hdf5,demo_33,113,1,1,51,107.0,0.45132743362831856,0.9469026548672567,56.0,0.9926238479053809
pick_up_the_black_bowl_next_to_the_cookie_box_and_place_it_on_the_plate_demo.hdf5,demo_34,115,1,1,47,111.0,0.40869565217391307,0.9652173913043478,64.0,1.0086344037586632
pick_up_the_black_bowl_next_to_the_cookie_box_and_place_it_on_the_plate_demo.hdf5,demo_35,122,1,1,54,115.0,0.4426229508196721,0.9426229508196722,61.0,0.9589824385395129
pick_up_the_black_bowl_next_to_the_cookie_box_and_place_it_on_the_plate_demo.hdf5,demo_36,130,1,1,50,116.0,0.38461538461538464,0.8923076923076924,66.0,1.0637326070410724
pick_up_the_black_bowl_next_to_the_cookie_box_and_place_it_on_the_plate_demo.hdf5,demo_37,125,1,1,49,112.0,0.392,0.896,63.0,1.0790862520035676
pick_up_the_black_bowl_next_to_the_cookie_box_and_place_it_on_the_plate_demo.hdf5,demo_38,131,1,1,57,118.0,0.4351145038167939,0.9007633587786259,61.0,1.0287962999944311
pick_up_the_black_bowl_next_to_the_cookie_box_and_place_it_on_the_plate_demo.hdf5,demo_39,117,1,1,48,107.0,0.41025641025641024,0.9145299145299145,59.0,0.9804793194264597
pick_up_the_black_bowl_next_to_the_cookie_box_and_place_it_on_the_plate_demo.hdf5,demo_40,110,1,1,47,102.0,0.42727272727272725,0.9272727272727272,55.0,0.9555517838187811
pick_up_the_black_bowl_next_to_the_cookie_box_and_place_it_on_the_plate_demo.hdf5,demo_41,133,1,1,53,116.0,0.39849624060150374,0.8721804511278195,63.0,1.0334167149797278
pick_up_the_black_bowl_next_to_the_cookie_box_and_place_it_on_the_plate_demo.hdf5,demo_42,114,1,1,48,104.0,0.42105263157894735,0.9122807017543859,56.0,1.0293970132085173
pick_up_the_black_bowl_next_to_the_cookie_box_and_place_it_on_the_plate_demo.hdf5,demo_43,107,1,1,45,100.0,0.4205607476635514,0.9345794392523364,55.0,0.9202641372766198
pick_up_the_black_bowl_next_to_the_cookie_box_and_place_it_on_the_plate_demo.hdf5,demo_44,133,1,1,44,119.0,0.3308270676691729,0.8947368421052632,75.0,1.014329379479154
pick_up_the_black_bowl_next_to_the_cookie_box_and_place_it_on_the_plate_demo.hdf5,demo_45,154,1,1,43,93.0,0.2792207792207792,0.6038961038961039,50.0,1.1999809859109076
pick_up_the_black_bowl_next_to_the_cookie_box_and_place_it_on_the_plate_demo.hdf5,demo_46,122,1,1,47,109.0,0.38524590163934425,0.8934426229508197,62.0,1.0435149694246746
pick_up_the_black_bowl_next_to_the_cookie_box_and_place_it_on_the_plate_demo.hdf5,demo_47,119,1,1,46,109.0,0.3865546218487395,0.9159663865546218,63.0,0.9593635185774898
pick_up_the_black_bowl_next_to_the_cookie_box_and_place_it_on_the_plate_demo.hdf5,demo_48,159,2,2,47,70.0,0.29559748427672955,0.44025157232704404,23.0,1.3690183523433244
pick_up_the_black_bowl_next_to_the_cookie_box_and_place_it_on_the_plate_demo.hdf5,demo_49,152,1,1,72,140.0,0.47368421052631576,0.9210526315789473,68.0,1.1003124938796374
pick_up_the_black_bowl_next_to_the_plate_and_place_it_on_the_plate_demo.hdf5,demo_0,115,1,1,53,109.0,0.4608695652173913,0.9478260869565217,56.0,0.9555734599646877
pick_up_the_black_bowl_next_to_the_plate_and_place_it_on_the_plate_demo.hdf5,demo_1,107,1,1,47,95.0,0.4392523364485981,0.8878504672897196,48.0,0.9889966038354989
pick_up_the_black_bowl_next_to_the_plate_and_place_it_on_the_plate_demo.hdf5,demo_2,138,1,1,53,123.0,0.38405797101449274,0.8913043478260869,70.0,1.0597194635484262
pick_up_the_black_bowl_next_to_the_plate_and_place_it_on_the_plate_demo.hdf5,demo_3,157,2,2,51,82.0,0.3248407643312102,0.5222929936305732,31.0,1.2676450389344822
pick_up_the_black_bowl_next_to_the_plate_and_place_it_on_the_plate_demo.hdf5,demo_4,138,1,1,53,125.0,0.38405797101449274,0.9057971014492754,72.0,1.050735715749932
pick_up_the_black_bowl_next_to_the_plate_and_place_it_on_the_plate_demo.hdf5,demo_5,113,1,1,54,99.0,0.4778761061946903,0.8761061946902655,45.0,1.0002496325016001
pick_up_the_black_bowl_next_to_the_plate_and_place_it_on_the_plate_demo.hdf5,demo_6,110,1,1,53,96.0,0.4818181818181818,0.8727272727272727,43.0,0.957808536168152
pick_up_the_black_bowl_next_to_the_plate_and_place_it_on_the_plate_demo.hdf5,demo_7,107,1,1,56,100.0,0.5233644859813084,0.9345794392523364,44.0,0.9431085169098624
pick_up_the_black_bowl_next_to_the_plate_and_place_it_on_the_plate_demo.hdf5,demo_8,104,1,1,48,95.0,0.46153846153846156,0.9134615384615384,47.0,0.9081183236832742
pick_up_the_black_bowl_next_to_the_plate_and_place_it_on_the_plate_demo.hdf5,demo_9,126,1,1,47,112.0,0.373015873015873,0.8888888888888888,65.0,1.0006720526497659
pick_up_the_black_bowl_next_to_the_plate_and_place_it_on_the_plate_demo.hdf5,demo_10,116,1,1,45,104.0,0.3879310344827586,0.896551724137931,59.0,1.0102695212630846
pick_up_the_black_bowl_next_to_the_plate_and_place_it_on_the_plate_demo.hdf5,demo_11,125,1,1,47,115.0,0.376,0.92,68.0,1.0195551260068865
pick_up_the_black_bowl_next_to_the_plate_and_place_it_on_the_plate_demo.hdf5,demo_12,106,1,1,52,97.0,0.49056603773584906,0.9150943396226415,45.0,0.9386103964510741
pick_up_the_black_bowl_next_to_the_plate_and_place_it_on_the_plate_demo.hdf5,demo_13,137,1,1,44,92.0,0.32116788321167883,0.6715328467153284,48.0,0.9683921705969261
pick_up_the_black_bowl_next_to_the_plate_and_place_it_on_the_plate_demo.hdf5,demo_14,97,1,1,47,90.0,0.4845360824742268,0.9278350515463918,43.0,0.9006746275473142
pick_up_the_black_bowl_next_to_the_plate_and_place_it_on_the_plate_demo.hdf5,demo_15,152,2,2,49,77.0,0.3223684210526316,0.506578947368421,28.0,1.1480338921883666
pick_up_the_black_bowl_next_to_the_plate_and_place_it_on_the_plate_demo.hdf5,demo_16,114,1,1,61,110.0,0.5350877192982456,0.9649122807017544,49.0,1.0456935775465555
pick_up_the_black_bowl_next_to_the_plate_and_place_it_on_the_plate_demo.hdf5,demo_17,165,2,2,50,73.0,0.30303030303030304,0.44242424242424244,23.0,1.1861291831907619
pick_up_the_black_bowl_next_to_the_plate_and_place_it_on_the_plate_demo.hdf5,demo_18,99,1,1,47,93.0,0.47474747474747475,0.9393939393939394,46.0,0.8597398698084221
pick_up_the_black_bowl_next_to_the_plate_and_place_it_on_the_plate_demo.hdf5,demo_19,104,1,1,51,99.0,0.49038461538461536,0.9519230769230769,48.0,0.9163208486111253
pick_up_the_black_bowl_next_to_the_plate_and_place_it_on_the_plate_demo.hdf5,demo_20,125,1,1,58,114.0,0.464,0.912,56.0,1.036284716735317
pick_up_the_black_bowl_next_to_the_plate_and_place_it_on_the_plate_demo.hdf5,demo_21,127,1,1,49,111.0,0.3858267716535433,0.8740157480314961,62.0,0.9587479937601382
pick_up_the_black_bowl_next_to_the_plate_and_place_it_on_the_plate_demo.hdf5,demo_22,100,1,1,52,94.0,0.52,0.94,42.0,0.8715942647461828
pick_up_the_black_bowl_next_to_the_plate_and_place_it_on_the_plate_demo.hdf5,demo_23,110,1,1,48,99.0,0.43636363636363634,0.9,51.0,0.879997567190452
pick_up_the_black_bowl_next_to_the_plate_and_place_it_on_the_plate_demo.hdf5,demo_24,111,1,1,58,107.0,0.5225225225225225,0.963963963963964,49.0,0.8998432724286537
pick_up_the_black_bowl_next_to_the_plate_and_place_it_on_the_plate_demo.hdf5,demo_25,140,1,1,63,128.0,0.45,0.9142857142857143,65.0,1.0347004777700783
pick_up_the_black_bowl_next_to_the_plate_and_place_it_on_the_plate_demo.hdf5,demo_26,109,1,1,50,96.0,0.45871559633027525,0.8807339449541285,46.0,0.9528158743683316
pick_up_the_black_bowl_next_to_the_plate_and_place_it_on_the_plate_demo.hdf5,demo_27,116,1,1,50,103.0,0.43103448275862066,0.8879310344827587,53.0,1.0390849125474184
pick_up_the_black_bowl_next_to_the_plate_and_place_it_on_the_plate_demo.hdf5,demo_28,124,1,1,54,105.0,0.43548387096774194,0.8467741935483871,51.0,0.9506745809009641
pick_up_the_black_bowl_next_to_the_plate_and_place_it_on_the_plate_demo.hdf5,demo_29,173,2,2,48,98.0,0.2774566473988439,0.5664739884393064,50.0,1.2444437751004627
pick_up_the_black_bowl_next_to_the_plate_and_place_it_on_the_plate_demo.hdf5,demo_30,96,1,1,45,90.0,0.46875,0.9375,45.0,0.8330546444431903
pick_up_the_black_bowl_next_to_the_plate_and_place_it_on_the_plate_demo.hdf5,demo_31,116,1,1,50,109.0,0.43103448275862066,0.9396551724137931,59.0,0.8952559651907994
pick_up_the_black_bowl_next_to_the_plate_and_place_it_on_the_plate_demo.hdf5,demo_32,95,1,1,47,87.0,0.49473684210526314,0.9157894736842105,40.0,0.8613287569243149
pick_up_the_black_bowl_next_to_the_plate_and_place_it_on_the_plate_demo.hdf5,demo_33,109,1,1,53,104.0,0.48623853211009177,0.9541284403669725,51.0,0.9717482479650174
pick_up_the_black_bowl_next_to_the_plate_and_place_it_on_the_plate_demo.hdf5,demo_34,122,1,1,54,115.0,0.4426229508196721,0.9426229508196722,61.0,0.9481822084432533
pick_up_the_black_bowl_next_to_the_plate_and_place_it_on_the_plate_demo.hdf5,demo_35,111,1,1,49,94.0,0.44144144144144143,0.8468468468468469,45.0,0.9627658444404783
pick_up_the_black_bowl_next_to_the_plate_and_place_it_on_the_plate_demo.hdf5,demo_36,121,1,1,55,111.0,0.45454545454545453,0.9173553719008265,56.0,1.0253803188640556
pick_up_the_black_bowl_next_to_the_plate_and_place_it_on_the_plate_demo.hdf5,demo_37,110,1,1,54,106.0,0.4909090909090909,0.9636363636363636,52.0,0.9247915363708835
pick_up_the_black_bowl_next_to_the_plate_and_place_it_on_the_plate_demo.hdf5,demo_38,105,1,1,51,96.0,0.4857142857142857,0.9142857142857143,45.0,0.9193311113809155
pick_up_the_black_bowl_next_to_the_plate_and_place_it_on_the_plate_demo.hdf5,demo_39,123,1,1,52,109.0,0.42276422764227645,0.8861788617886179,57.0,0.9178452355001214
pick_up_the_black_bowl_next_to_the_plate_and_place_it_on_the_plate_demo.hdf5,demo_40,114,1,1,61,108.0,0.5350877192982456,0.9473684210526315,47.0,1.053673887536142
pick_up_the_black_bowl_next_to_the_plate_and_place_it_on_the_plate_demo.hdf5,demo_41,120,1,1,53,106.0,0.44166666666666665,0.8833333333333333,53.0,0.9946561987472043
pick_up_the_black_bowl_next_to_the_plate_and_place_it_on_the_plate_demo.hdf5,demo_42,97,1,1,45,93.0,0.4639175257731959,0.9587628865979382,48.0,0.8795193297623604
pick_up_the_black_bowl_next_to_the_plate_and_place_it_on_the_plate_demo.hdf5,demo_43,99,1,1,47,93.0,0.47474747474747475,0.9393939393939394,46.0,0.8428665244416977
pick_up_the_black_bowl_next_to_the_plate_and_place_it_on_the_plate_demo.hdf5,demo_44,117,1,1,51,104.0,0.4358974358974359,0.8888888888888888,53.0,0.9782551964465043
pick_up_the_black_bowl_next_to_the_plate_and_place_it_on_the_plate_demo.hdf5,demo_45,113,1,0,48,,0.4247787610619469,,,0.928304324251946
pick_up_the_black_bowl_next_to_the_plate_and_place_it_on_the_plate_demo.hdf5,demo_46,133,1,1,48,120.0,0.3609022556390977,0.9022556390977443,72.0,1.0392070197907755
pick_up_the_black_bowl_next_to_the_plate_and_place_it_on_the_plate_demo.hdf5,demo_47,113,1,1,52,104.0,0.46017699115044247,0.9203539823008849,52.0,1.0001590232110114
pick_up_the_black_bowl_next_to_the_plate_and_place_it_on_the_plate_demo.hdf5,demo_48,169,2,2,57,89.0,0.33727810650887574,0.5266272189349113,32.0,1.2427263562218007
pick_up_the_black_bowl_next_to_the_plate_and_place_it_on_the_plate_demo.hdf5,demo_49,115,1,1,44,104.0,0.3826086956521739,0.9043478260869565,60.0,0.9168404524102662
pick_up_the_black_bowl_next_to_the_ramekin_and_place_it_on_the_plate_demo.hdf5,demo_0,152,1,1,55,131.0,0.3618421052631579,0.8618421052631579,76.0,1.2908551811345168
pick_up_the_black_bowl_next_to_the_ramekin_and_place_it_on_the_plate_demo.hdf5,demo_1,123,1,1,54,117.0,0.43902439024390244,0.9512195121951219,63.0,1.1459972263112612
pick_up_the_black_bowl_next_to_the_ramekin_and_place_it_on_the_plate_demo.hdf5,demo_2,140,1,1,50,127.0,0.35714285714285715,0.9071428571428571,77.0,1.1511577255971197
pick_up_the_black_bowl_next_to_the_ramekin_and_place_it_on_the_plate_demo.hdf5,demo_3,175,2,2,48,73.0,0.2742857142857143,0.41714285714285715,25.0,1.4860740057918376
pick_up_the_black_bowl_next_to_the_ramekin_and_place_it_on_the_plate_demo.hdf5,demo_4,142,1,1,52,128.0,0.36619718309859156,0.9014084507042254,76.0,1.2366757042684495
pick_up_the_black_bowl_next_to_the_ramekin_and_place_it_on_the_plate_demo.hdf5,demo_5,155,2,2,52,73.0,0.33548387096774196,0.47096774193548385,21.0,1.3922470013402273
pick_up_the_black_bowl_next_to_the_ramekin_and_place_it_on_the_plate_demo.hdf5,demo_6,145,1,1,51,128.0,0.35172413793103446,0.8827586206896552,77.0,1.2378733980653838
pick_up_the_black_bowl_next_to_the_ramekin_and_place_it_on_the_plate_demo.hdf5,demo_7,131,1,1,55,117.0,0.4198473282442748,0.8931297709923665,62.0,1.19600690174469
pick_up_the_black_bowl_next_to_the_ramekin_and_place_it_on_the_plate_demo.hdf5,demo_8,152,1,1,54,115.0,0.35526315789473684,0.756578947368421,61.0,1.2500268507227625
pick_up_the_black_bowl_next_to_the_ramekin_and_place_it_on_the_plate_demo.hdf5,demo_9,127,1,1,50,114.0,0.3937007874015748,0.8976377952755905,64.0,1.0366666522594072
pick_up_the_black_bowl_next_to_the_ramekin_and_place_it_on_the_plate_demo.hdf5,demo_10,111,1,1,50,103.0,0.45045045045045046,0.9279279279279279,53.0,1.0617308852100635
pick_up_the_black_bowl_next_to_the_ramekin_and_place_it_on_the_plate_demo.hdf5,demo_11,117,1,1,52,114.0,0.4444444444444444,0.9743589743589743,62.0,1.0301466176724026
pick_up_the_black_bowl_next_to_the_ramekin_and_place_it_on_the_plate_demo.hdf5,demo_12,114,1,1,53,109.0,0.4649122807017544,0.956140350877193,56.0,1.0120335682332704
pick_up_the_black_bowl_next_to_the_ramekin_and_place_it_on_the_plate_demo.hdf5,demo_13,125,1,1,51,113.0,0.408,0.904,62.0,1.1123276386030796
pick_up_the_black_bowl_next_to_the_ramekin_and_place_it_on_the_plate_demo.hdf5,demo_14,150,1,1,56,136.0,0.37333333333333335,0.9066666666666666,80.0,1.2472021165251999
pick_up_the_black_bowl_next_to_the_ramekin_and_place_it_on_the_plate_demo.hdf5,demo_15,128,1,1,60,122.0,0.46875,0.953125,62.0,1.1216653979042224
pick_up_the_black_bowl_next_to_the_ramekin_and_place_it_on_the_plate_demo.hdf5,demo_16,135,1,1,55,118.0,0.4074074074074074,0.8740740740740741,63.0,1.234573941413196
pick_up_the_black_bowl_next_to_the_ramekin_and_place_it_on_the_plate_demo.hdf5,demo_17,113,1,1,49,108.0,0.4336283185840708,0.9557522123893806,59.0,1.0110898831788013
pick_up_the_black_bowl_next_to_the_ramekin_and_place_it_on_the_plate_demo.hdf5,demo_18,112,1,1,48,106.0,0.42857142857142855,0.9464285714285714,58.0,1.0798230928723833
pick_up_the_black_bowl_next_to_the_ramekin_and_place_it_on_the_plate_demo.hdf5,demo_19,125,1,1,54,122.0,0.432,0.976,68.0,1.128188741528363
pick_up_the_black_bowl_next_to_the_ramekin_and_place_it_on_the_plate_demo.hdf5,demo_20,162,2,2,48,86.0,0.2962962962962963,0.5308641975308642,38.0,1.511416009372013
pick_up_the_black_bowl_next_to_the_ramekin_and_place_it_on_the_plate_demo.hdf5,demo_21,134,1,1,55,121.0,0.41044776119402987,0.9029850746268657,66.0,1.18384250676259
pick_up_the_black_bowl_next_to_the_ramekin_and_place_it_on_the_plate_demo.hdf5,demo_22,132,1,1,49,122.0,0.3712121212121212,0.9242424242424242,73.0,1.063802218592666
pick_up_the_black_bowl_next_to_the_ramekin_and_place_it_on_the_plate_demo.hdf5,demo_23,109,1,1,47,101.0,0.43119266055045874,0.926605504587156,54.0,1.0226438526196486
pick_up_the_black_bowl_next_to_the_ramekin_and_place_it_on_the_plate_demo.hdf5,demo_24,189,1,1,54,128.0,0.2857142857142857,0.6772486772486772,74.0,1.458668648336429
pick_up_the_black_bowl_next_to_the_ramekin_and_place_it_on_the_plate_demo.hdf5,demo_25,143,1,1,53,129.0,0.3706293706293706,0.9020979020979021,76.0,1.2458167720513877
pick_up_the_black_bowl_next_to_the_ramekin_and_place_it_on_the_plate_demo.hdf5,demo_26,145,1,1,52,131.0,0.3586206896551724,0.903448275862069,79.0,1.1706025471198127
pick_up_the_black_bowl_next_to_the_ramekin_and_place_it_on_the_plate_demo.hdf5,demo_27,116,1,1,51,112.0,0.4396551724137931,0.9655172413793104,61.0,1.105684423519337
pick_up_the_black_bowl_next_to_the_ramekin_and_place_it_on_the_plate_demo.hdf5,demo_28,167,2,2,50,106.0,0.2994011976047904,0.6347305389221557,56.0,1.3548533318252947
pick_up_the_black_bowl_next_to_the_ramekin_and_place_it_on_the_plate_demo.hdf5,demo_29,120,1,1,57,112.0,0.475,0.9333333333333333,55.0,1.1373419371067073
pick_up_the_black_bowl_next_to_the_ramekin_and_place_it_on_the_plate_demo.hdf5,demo_30,154,2,2,57,137.0,0.37012987012987014,0.8896103896103896,80.0,1.1371020970725425
pick_up_the_black_bowl_next_to_the_ramekin_and_place_it_on_the_plate_demo.hdf5,demo_31,120,1,1,49,106.0,0.4083333333333333,0.8833333333333333,57.0,1.1050055840474093
pick_up_the_black_bowl_next_to_the_ramekin_and_place_it_on_the_plate_demo.hdf5,demo_32,150,1,1,63,134.0,0.42,0.8933333333333333,71.0,1.10370911683578
pick_up_the_black_bowl_next_to_the_ramekin_and_place_it_on_the_plate_demo.hdf5,demo_33,117,1,1,43,99.0,0.36752136752136755,0.8461538461538461,56.0,1.1264681668456717
pick_up_the_black_bowl_next_to_the_ramekin_and_place_it_on_the_plate_demo.hdf5,demo_34,120,1,1,52,113.0,0.43333333333333335,0.9416666666666667,61.0,1.061666293168735
pick_up_the_black_bowl_next_to_the_ramekin_and_place_it_on_the_plate_demo.hdf5,demo_35,137,2,2,54,117.0,0.39416058394160586,0.8540145985401459,63.0,1.1780546874412678
pick_up_the_black_bowl_next_to_the_ramekin_and_place_it_on_the_plate_demo.hdf5,demo_36,120,1,1,48,107.0,0.4,0.8916666666666667,59.0,1.1465107345972945
pick_up_the_black_bowl_next_to_the_ramekin_and_place_it_on_the_plate_demo.hdf5,demo_37,129,1,1,51,112.0,0.3953488372093023,0.8682170542635659,61.0,1.1369708475638416
pick_up_the_black_bowl_next_to_the_ramekin_and_place_it_on_the_plate_demo.hdf5,demo_38,143,1,1,56,134.0,0.3916083916083916,0.9370629370629371,78.0,1.1414015869119516
pick_up_the_black_bowl_next_to_the_ramekin_and_place_it_on_the_plate_demo.hdf5,demo_39,124,1,1,54,117.0,0.43548387096774194,0.9435483870967742,63.0,1.0834993782303104
pick_up_the_black_bowl_next_to_the_ramekin_and_place_it_on_the_plate_demo.hdf5,demo_40,126,1,1,50,109.0,0.3968253968253968,0.8650793650793651,59.0,1.1741154831561271
pick_up_the_black_bowl_next_to_the_ramekin_and_place_it_on_the_plate_demo.hdf5,demo_41,112,1,1,50,104.0,0.44642857142857145,0.9285714285714286,54.0,1.0619710530960442
pick_up_the_black_bowl_next_to_the_ramekin_and_place_it_on_the_plate_demo.hdf5,demo_42,137,1,1,59,125.0,0.4306569343065693,0.9124087591240876,66.0,1.189924352063762
pick_up_the_black_bowl_next_to_the_ramekin_and_place_it_on_the_plate_demo.hdf5,demo_43,135,1,1,57,127.0,0.4222222222222222,0.9407407407407408,70.0,1.0938612452861014
pick_up_the_black_bowl_next_to_the_ramekin_and_place_it_on_the_plate_demo.hdf5,demo_44,126,1,1,55,122.0,0.4365079365079365,0.9682539682539683,67.0,1.02042102206897
pick_up_the_black_bowl_next_to_the_ramekin_and_place_it_on_the_plate_demo.hdf5,demo_45,133,1,1,53,119.0,0.39849624060150374,0.8947368421052632,66.0,1.2120123562296818
pick_up_the_black_bowl_next_to_the_ramekin_and_place_it_on_the_plate_demo.hdf5,demo_46,134,1,1,51,119.0,0.3805970149253731,0.8880597014925373,68.0,1.144920487479446
pick_up_the_black_bowl_next_to_the_ramekin_and_place_it_on_the_plate_demo.hdf5,demo_47,133,1,1,58,120.0,0.43609022556390975,0.9022556390977443,62.0,1.2075362855147411
pick_up_the_black_bowl_next_to_the_ramekin_and_place_it_on_the_plate_demo.hdf5,demo_48,141,2,2,57,119.0,0.40425531914893614,0.8439716312056738,62.0,1.1068754415639184
pick_up_the_black_bowl_next_to_the_ramekin_and_place_it_on_the_plate_demo.hdf5,demo_49,127,1,1,57,124.0,0.44881889763779526,0.9763779527559056,67.0,1.132702773465173
pick_up_the_black_bowl_on_the_cookie_box_and_place_it_on_the_plate_demo.hdf5,demo_0,99,1,1,46,86.0,0.46464646464646464,0.8686868686868687,40.0,0.8874454713356861
pick_up_the_black_bowl_on_the_cookie_box_and_place_it_on_the_plate_demo.hdf5,demo_1,101,1,1,46,96.0,0.45544554455445546,0.9504950495049505,50.0,0.8897484439147597
pick_up_the_black_bowl_on_the_cookie_box_and_place_it_on_the_plate_demo.hdf5,demo_2,95,1,1,38,80.0,0.4,0.8421052631578947,42.0,0.8274658353459146
pick_up_the_black_bowl_on_the_cookie_box_and_place_it_on_the_plate_demo.hdf5,demo_3,115,1,1,47,100.0,0.40869565217391307,0.8695652173913043,53.0,0.9650488235572238
pick_up_the_black_bowl_on_the_cookie_box_and_place_it_on_the_plate_demo.hdf5,demo_4,103,1,1,42,88.0,0.4077669902912621,0.8543689320388349,46.0,0.9177915175008036
pick_up_the_black_bowl_on_the_cookie_box_and_place_it_on_the_plate_demo.hdf5,demo_5,99,1,1,41,84.0,0.41414141414141414,0.8484848484848485,43.0,0.9297958449399745
pick_up_the_black_bowl_on_the_cookie_box_and_place_it_on_the_plate_demo.hdf5,demo_6,111,1,1,46,95.0,0.4144144144144144,0.8558558558558559,49.0,0.9459556895419244
pick_up_the_black_bowl_on_the_cookie_box_and_place_it_on_the_plate_demo.hdf5,demo_7,95,1,1,41,84.0,0.43157894736842106,0.8842105263157894,43.0,0.9224193897555105
pick_up_the_black_bowl_on_the_cookie_box_and_place_it_on_the_plate_demo.hdf5,demo_8,111,1,1,39,87.0,0.35135135135135137,0.7837837837837838,48.0,0.8943554280849775
pick_up_the_black_bowl_on_the_cookie_box_and_place_it_on_the_plate_demo.hdf5,demo_9,129,2,2,46,65.0,0.35658914728682173,0.5038759689922481,19.0,1.050535176221988
pick_up_the_black_bowl_on_the_cookie_box_and_place_it_on_the_plate_demo.hdf5,demo_10,89,1,1,38,82.0,0.42696629213483145,0.9213483146067416,44.0,0.8802498036520895
pick_up_the_black_bowl_on_the_cookie_box_and_place_it_on_the_plate_demo.hdf5,demo_11,97,1,1,45,88.0,0.4639175257731959,0.9072164948453608,43.0,0.9433344058840583
pick_up_the_black_bowl_on_the_cookie_box_and_place_it_on_the_plate_demo.hdf5,demo_12,93,1,1,42,84.0,0.45161290322580644,0.9032258064516129,42.0,0.8666691058815388
pick_up_the_black_bowl_on_the_cookie_box_and_place_it_on_the_plate_demo.hdf5,demo_13,99,1,1,41,86.0,0.41414141414141414,0.8686868686868687,45.0,0.8754948487565023
pick_up_the_black_bowl_on_the_cookie_box_and_place_it_on_the_plate_demo.hdf5,demo_14,100,1,1,42,89.0,0.42,0.89,47.0,0.9064192332144168
pick_up_the_black_bowl_on_the_cookie_box_and_place_it_on_the_plate_demo.hdf5,demo_15,119,2,2,48,92.0,0.40336134453781514,0.773109243697479,44.0,1.022811277533537
pick_up_the_black_bowl_on_the_cookie_box_and_place_it_on_the_plate_demo.hdf5,demo_16,101,1,1,40,87.0,0.39603960396039606,0.8613861386138614,47.0,0.8678230331156356
pick_up_the_black_bowl_on_the_cookie_box_and_place_it_on_the_plate_demo.hdf5,demo_17,94,1,1,43,86.0,0.4574468085106383,0.9148936170212766,43.0,0.8548857679191817
pick_up_the_black_bowl_on_the_cookie_box_and_place_it_on_the_plate_demo.hdf5,demo_18,171,2,2,44,74.0,0.2573099415204678,0.4327485380116959,30.0,1.3926021852329333
pick_up_the_black_bowl_on_the_cookie_box_and_place_it_on_the_plate_demo.hdf5,demo_19,100,1,1,45,85.0,0.45,0.85,40.0,0.8848601218030215
pick_up_the_black_bowl_on_the_cookie_box_and_place_it_on_the_plate_demo.hdf5,demo_20,96,1,1,39,83.0,0.40625,0.8645833333333334,44.0,0.9358195507930646
pick_up_the_black_bowl_on_the_cookie_box_and_place_it_on_the_plate_demo.hdf5,demo_21,96,1,1,45,88.0,0.46875,0.9166666666666666,43.0,0.8709531908085022
pick_up_the_black_bowl_on_the_cookie_box_and_place_it_on_the_plate_demo.hdf5,demo_22,96,1,1,45,88.0,0.46875,0.9166666666666666,43.0,0.8776878549716425
pick_up_the_black_bowl_on_the_cookie_box_and_place_it_on_the_plate_demo.hdf5,demo_23,97,1,1,45,90.0,0.4639175257731959,0.9278350515463918,45.0,0.8656424926162412
pick_up_the_black_bowl_on_the_cookie_box_and_place_it_on_the_plate_demo.hdf5,demo_24,96,1,1,43,86.0,0.4479166666666667,0.8958333333333334,43.0,0.8980515708161919
pick_up_the_black_bowl_on_the_cookie_box_and_place_it_on_the_plate_demo.hdf5,demo_25,98,1,1,44,93.0,0.4489795918367347,0.9489795918367347,49.0,0.8907528151604098
pick_up_the_black_bowl_on_the_cookie_box_and_place_it_on_the_plate_demo.hdf5,demo_26,92,1,1,43,82.0,0.4673913043478261,0.8913043478260869,39.0,0.8294904731095243
pick_up_the_black_bowl_on_the_cookie_box_and_place_it_on_the_plate_demo.hdf5,demo_27,101,1,1,48,91.0,0.4752475247524752,0.900990099009901,43.0,0.9100721752268661
pick_up_the_black_bowl_on_the_cookie_box_and_place_it_on_the_plate_demo.hdf5,demo_28,95,1,1,41,85.0,0.43157894736842106,0.8947368421052632,44.0,0.8657597519253745
pick_up_the_black_bowl_on_the_cookie_box_and_place_it_on_the_plate_demo.hdf5,demo_29,106,1,1,42,95.0,0.39622641509433965,0.8962264150943396,53.0,0.8982265255667355
pick_up_the_black_bowl_on_the_cookie_box_and_place_it_on_the_plate_demo.hdf5,demo_30,86,1,1,41,77.0,0.47674418604651164,0.8953488372093024,36.0,0.8221857347866627
pick_up_the_black_bowl_on_the_cookie_box_and_place_it_on_the_plate_demo.hdf5,demo_31,99,1,1,44,90.0,0.4444444444444444,0.9090909090909091,46.0,0.8177837390382743
pick_up_the_black_bowl_on_the_cookie_box_and_place_it_on_the_plate_demo.hdf5,demo_32,99,1,1,40,83.0,0.40404040404040403,0.8383838383838383,43.0,0.8622503795940408
pick_up_the_black_bowl_on_the_cookie_box_and_place_it_on_the_plate_demo.hdf5,demo_33,111,1,1,49,98.0,0.44144144144144143,0.8828828828828829,49.0,0.9300729521400656
pick_up_the_black_bowl_on_the_cookie_box_and_place_it_on_the_plate_demo.hdf5,demo_34,89,1,1,39,77.0,0.43820224719101125,0.8651685393258427,38.0,0.8074327307562894
pick_up_the_black_bowl_on_the_cookie_box_and_place_it_on_the_plate_demo.hdf5,demo_35,101,1,1,47,92.0,0.46534653465346537,0.9108910891089109,45.0,0.8973901706779022
pick_up_the_black_bowl_on_the_cookie_box_and_place_it_on_the_plate_demo.hdf5,demo_36,92,1,1,40,82.0,0.43478260869565216,0.8913043478260869,42.0,0.8319058769862282
pick_up_the_black_bowl_on_the_cookie_box_and_place_it_on_the_plate_demo.hdf5,demo_37,97,1,1,44,84.0,0.4536082474226804,0.865979381443299,40.0,0.865555633580519
pick_up_the_black_bowl_on_the_cookie_box_and_place_it_on_the_plate_demo.hdf5,demo_38,97,1,1,44,92.0,0.4536082474226804,0.9484536082474226,48.0,0.8967290062643598
pick_up_the_black_bowl_on_the_cookie_box_and_place_it_on_the_plate_demo.hdf5,demo_39,92,1,1,41,81.0,0.44565217391304346,0.8804347826086957,40.0,0.8640193513031699
pick_up_the_black_bowl_on_the_cookie_box_and_place_it_on_the_plate_demo.hdf5,demo_40,95,1,1,40,84.0,0.42105263157894735,0.8842105263157894,44.0,0.8714804830228083
pick_up_the_black_bowl_on_the_cookie_box_and_place_it_on_the_plate_demo.hdf5,demo_41,114,1,1,44,109.0,0.38596491228070173,0.956140350877193,65.0,0.9418667340723775
pick_up_the_black_bowl_on_the_cookie_box_and_place_it_on_the_plate_demo.hdf5,demo_42,89,1,1,39,75.0,0.43820224719101125,0.8426966292134831,36.0,0.8017873687310849
pick_up_the_black_bowl_on_the_cookie_box_and_place_it_on_the_plate_demo.hdf5,demo_43,102,1,1,41,88.0,0.4019607843137255,0.8627450980392157,47.0,0.9245250902813784
pick_up_the_black_bowl_on_the_cookie_box_and_place_it_on_the_plate_demo.hdf5,demo_44,113,1,1,44,101.0,0.3893805309734513,0.8938053097345132,57.0,0.934725987583833
pick_up_the_black_bowl_on_the_cookie_box_and_place_it_on_the_plate_demo.hdf5,demo_45,99,1,1,40,85.0,0.40404040404040403,0.8585858585858586,45.0,0.8874966209739308
pick_up_the_black_bowl_on_the_cookie_box_and_place_it_on_the_plate_demo.hdf5,demo_46,103,1,1,40,91.0,0.3883495145631068,0.883495145631068,51.0,0.9012838486557214
pick_up_the_black_bowl_on_the_cookie_box_and_place_it_on_the_plate_demo.hdf5,demo_47,90,1,1,38,82.0,0.4222222222222222,0.9111111111111111,44.0,0.9004914579697602
pick_up_the_black_bowl_on_the_cookie_box_and_place_it_on_the_plate_demo.hdf5,demo_48,100,1,1,43,87.0,0.43,0.87,44.0,0.8997070564842833
pick_up_the_black_bowl_on_the_cookie_box_and_place_it_on_the_plate_demo.hdf5,demo_49,90,1,1,39,81.0,0.43333333333333335,0.9,42.0,0.8988445187928126
pick_up_the_black_bowl_on_the_ramekin_and_place_it_on_the_plate_demo.hdf5,demo_0,137,1,1,32,124.0,0.23357664233576642,0.9051094890510949,92.0,1.1331771577549357
pick_up_the_black_bowl_on_the_ramekin_and_place_it_on_the_plate_demo.hdf5,demo_1,131,1,1,36,117.0,0.2748091603053435,0.8931297709923665,81.0,1.046606944936698
pick_up_the_black_bowl_on_the_ramekin_and_place_it_on_the_plate_demo.hdf5,demo_2,121,1,1,38,109.0,0.3140495867768595,0.9008264462809917,71.0,0.9489923188721345
pick_up_the_black_bowl_on_the_ramekin_and_place_it_on_the_plate_demo.hdf5,demo_3,121,1,1,35,107.0,0.2892561983471074,0.8842975206611571,72.0,1.1034723993856232
pick_up_the_black_bowl_on_the_ramekin_and_place_it_on_the_plate_demo.hdf5,demo_4,119,1,1,33,106.0,0.2773109243697479,0.8907563025210085,73.0,0.9643915010279486
pick_up_the_black_bowl_on_the_ramekin_and_place_it_on_the_plate_demo.hdf5,demo_5,100,1,1,33,86.0,0.33,0.86,53.0,0.939999874540037
pick_up_the_black_bowl_on_the_ramekin_and_place_it_on_the_plate_demo.hdf5,demo_6,101,1,1,31,91.0,0.3069306930693069,0.900990099009901,60.0,0.8906513551932793
pick_up_the_black_bowl_on_the_ramekin_and_place_it_on_the_plate_demo.hdf5,demo_7,129,2,2,29,54.0,0.2248062015503876,0.4186046511627907,25.0,1.0028474022600504
pick_up_the_black_bowl_on_the_ramekin_and_place_it_on_the_plate_demo.hdf5,demo_8,123,1,1,42,110.0,0.34146341463414637,0.8943089430894309,68.0,1.0296312354727695
pick_up_the_black_bowl_on_the_ramekin_and_place_it_on_the_plate_demo.hdf5,demo_9,118,1,1,38,106.0,0.3220338983050847,0.8983050847457628,68.0,0.9767539481961957
pick_up_the_black_bowl_on_the_ramekin_and_place_it_on_the_plate_demo.hdf5,demo_10,137,2,2,34,56.0,0.24817518248175183,0.40875912408759124,22.0,1.2687123869312629
pick_up_the_black_bowl_on_the_ramekin_and_place_it_on_the_plate_demo.hdf5,demo_11,100,1,1,34,95.0,0.34,0.95,61.0,0.9072875764756095
pick_up_the_black_bowl_on_the_ramekin_and_place_it_on_the_plate_demo.hdf5,demo_12,96,1,1,29,89.0,0.3020833333333333,0.9270833333333334,60.0,0.9329653635076487
pick_up_the_black_bowl_on_the_ramekin_and_place_it_on_the_plate_demo.hdf5,demo_13,128,1,1,38,121.0,0.296875,0.9453125,83.0,1.0238484406815984
pick_up_the_black_bowl_on_the_ramekin_and_place_it_on_the_plate_demo.hdf5,demo_14,154,1,1,37,146.0,0.24025974025974026,0.948051948051948,109.0,1.329323803717477
pick_up_the_black_bowl_on_the_ramekin_and_place_it_on_the_plate_demo.hdf5,demo_15,102,1,1,33,94.0,0.3235294117647059,0.9215686274509803,61.0,0.846191816524689
pick_up_the_black_bowl_on_the_ramekin_and_place_it_on_the_plate_demo.hdf5,demo_16,116,1,1,31,103.0,0.2672413793103448,0.8879310344827587,72.0,1.0944280854564545
pick_up_the_black_bowl_on_the_ramekin_and_place_it_on_the_plate_demo.hdf5,demo_17,120,1,1,33,110.0,0.275,0.9166666666666666,77.0,0.93823268784345
pick_up_the_black_bowl_on_the_ramekin_and_place_it_on_the_plate_demo.hdf5,demo_18,114,1,1,32,100.0,0.2807017543859649,0.8771929824561403,68.0,0.9207522402399317
pick_up_the_black_bowl_on_the_ramekin_and_place_it_on_the_plate_demo.hdf5,demo_19,98,1,0,31,,0.3163265306122449,,,0.8225110097306988
pick_up_the_black_bowl_on_the_ramekin_and_place_it_on_the_plate_demo.hdf5,demo_20,118,1,1,30,103.0,0.2542372881355932,0.8728813559322034,73.0,0.9472629719734226
pick_up_the_black_bowl_on_the_ramekin_and_place_it_on_the_plate_demo.hdf5,demo_21,129,1,1,38,119.0,0.29457364341085274,0.9224806201550387,81.0,1.0340359796618137
pick_up_the_black_bowl_on_the_ramekin_and_place_it_on_the_plate_demo.hdf5,demo_22,107,1,1,37,100.0,0.34579439252336447,0.9345794392523364,63.0,0.8221314650535935
pick_up_the_black_bowl_on_the_ramekin_and_place_it_on_the_plate_demo.hdf5,demo_23,138,2,2,33,57.0,0.2391304347826087,0.41304347826086957,24.0,1.2118601585955973
pick_up_the_black_bowl_on_the_ramekin_and_place_it_on_the_plate_demo.hdf5,demo_24,98,1,1,34,92.0,0.3469387755102041,0.9387755102040817,58.0,0.8813067098408032
pick_up_the_black_bowl_on_the_ramekin_and_place_it_on_the_plate_demo.hdf5,demo_25,91,1,1,31,89.0,0.34065934065934067,0.978021978021978,58.0,0.8186897592802617
pick_up_the_black_bowl_on_the_ramekin_and_place_it_on_the_plate_demo.hdf5,demo_26,98,1,1,31,91.0,0.3163265306122449,0.9285714285714286,60.0,0.8716937871756301
pick_up_the_black_bowl_on_the_ramekin_and_place_it_on_the_plate_demo.hdf5,demo_27,147,2,2,34,57.0,0.23129251700680273,0.3877551020408163,23.0,1.1904810718322554
pick_up_the_black_bowl_on_the_ramekin_and_place_it_on_the_plate_demo.hdf5,demo_28,106,1,1,35,92.0,0.330188679245283,0.8679245283018868,57.0,0.9000952858644953
pick_up_the_black_bowl_on_the_ramekin_and_place_it_on_the_plate_demo.hdf5,demo_29,116,1,1,35,102.0,0.3017241379310345,0.8793103448275862,67.0,0.9604184902132216
pick_up_the_black_bowl_on_the_ramekin_and_place_it_on_the_plate_demo.hdf5,demo_30,119,1,1,35,105.0,0.29411764705882354,0.8823529411764706,70.0,1.0411569167650352
pick_up_the_black_bowl_on_the_ramekin_and_place_it_on_the_plate_demo.hdf5,demo_31,118,1,1,43,105.0,0.3644067796610169,0.8898305084745762,62.0,0.9732467240532836
pick_up_the_black_bowl_on_the_ramekin_and_place_it_on_the_plate_demo.hdf5,demo_32,111,1,1,33,98.0,0.2972972972972973,0.8828828828828829,65.0,0.9199522337492361
pick_up_the_black_bowl_on_the_ramekin_and_place_it_on_the_plate_demo.hdf5,demo_33,109,1,1,36,96.0,0.3302752293577982,0.8807339449541285,60.0,0.9780924575935643
pick_up_the_black_bowl_on_the_ramekin_and_place_it_on_the_plate_demo.hdf5,demo_34,111,1,1,29,95.0,0.26126126126126126,0.8558558558558559,66.0,0.9245484190702355
pick_up_the_black_bowl_on_the_ramekin_and_place_it_on_the_plate_demo.hdf5,demo_35,128,1,1,34,114.0,0.265625,0.890625,80.0,1.051775873658657
pick_up_the_black_bowl_on_the_ramekin_and_place_it_on_the_plate_demo.hdf5,demo_36,110,1,1,28,94.0,0.2545454545454545,0.8545454545454545,66.0,0.9325141562005537
pick_up_the_black_bowl_on_the_ramekin_and_place_it_on_the_plate_demo.hdf5,demo_37,102,1,1,33,96.0,0.3235294117647059,0.9411764705882353,63.0,0.880384699082792
pick_up_the_black_bowl_on_the_ramekin_and_place_it_on_the_plate_demo.hdf5,demo_38,98,1,1,26,91.0,0.2653061224489796,0.9285714285714286,65.0,0.8504401660712022
pick_up_the_black_bowl_on_the_ramekin_and_place_it_on_the_plate_demo.hdf5,demo_39,86,1,1,26,81.0,0.3023255813953488,0.9418604651162791,55.0,0.8145410266898561
pick_up_the_black_bowl_on_the_ramekin_and_place_it_on_the_plate_demo.hdf5,demo_40,117,1,1,33,104.0,0.28205128205128205,0.8888888888888888,71.0,0.9590145915013498
pick_up_the_black_bowl_on_the_ramekin_and_place_it_on_the_plate_demo.hdf5,demo_41,128,1,1,41,119.0,0.3203125,0.9296875,78.0,0.9828218808749141
pick_up_the_black_bowl_on_the_ramekin_and_place_it_on_the_plate_demo.hdf5,demo_42,144,2,2,39,64.0,0.2708333333333333,0.4444444444444444,25.0,1.1181772047155705
pick_up_the_black_bowl_on_the_ramekin_and_place_it_on_the_plate_demo.hdf5,demo_43,113,1,1,35,96.0,0.30973451327433627,0.8495575221238938,61.0,1.0108873097490916
pick_up_the_black_bowl_on_the_ramekin_and_place_it_on_the_plate_demo.hdf5,demo_44,142,2,2,33,54.0,0.2323943661971831,0.38028169014084506,21.0,1.0721763198106982
pick_up_the_black_bowl_on_the_ramekin_and_place_it_on_the_plate_demo.hdf5,demo_45,112,1,1,34,107.0,0.30357142857142855,0.9553571428571429,73.0,0.8568525137195491
pick_up_the_black_bowl_on_the_ramekin_and_place_it_on_the_plate_demo.hdf5,demo_46,108,1,1,32,102.0,0.2962962962962963,0.9444444444444444,70.0,0.9159729563428672
pick_up_the_black_bowl_on_the_ramekin_and_place_it_on_the_plate_demo.hdf5,demo_47,110,1,1,29,95.0,0.2636363636363636,0.8636363636363636,66.0,0.9471052340902862
pick_up_the_black_bowl_on_the_ramekin_and_place_it_on_the_plate_demo.hdf5,demo_48,108,1,1,38,102.0,0.35185185185185186,0.9444444444444444,64.0,0.9785914091781868
pick_up_the_black_bowl_on_the_ramekin_and_place_it_on_the_plate_demo.hdf5,demo_49,109,1,1,39,107.0,0.3577981651376147,0.981651376146789,68.0,0.8573064531145846
pick_up_the_black_bowl_on_the_stove_and_place_it_on_the_plate_demo.hdf5,demo_0,155,1,1,43,141.0,0.27741935483870966,0.9096774193548387,98.0,1.045761945510213
pick_up_the_black_bowl_on_the_stove_and_place_it_on_the_plate_demo.hdf5,demo_1,125,2,2,30,114.0,0.24,0.912,84.0,0.9214560419725988
pick_up_the_black_bowl_on_the_stove_and_place_it_on_the_plate_demo.hdf5,demo_2,124,1,1,28,120.0,0.22580645161290322,0.967741935483871,92.0,1.0113044065874766
pick_up_the_black_bowl_on_the_stove_and_place_it_on_the_plate_demo.hdf5,demo_3,191,2,1,37,75.0,0.193717277486911,0.39267015706806285,38.0,1.2206578164363495
pick_up_the_black_bowl_on_the_stove_and_place_it_on_the_plate_demo.hdf5,demo_4,136,1,1,31,126.0,0.22794117647058823,0.9264705882352942,95.0,1.0292553505522746
pick_up_the_black_bowl_on_the_stove_and_place_it_on_the_plate_demo.hdf5,demo_5,138,1,1,27,126.0,0.1956521739130435,0.9130434782608695,99.0,1.0576716049837702
pick_up_the_black_bowl_on_the_stove_and_place_it_on_the_plate_demo.hdf5,demo_6,133,1,1,37,128.0,0.2781954887218045,0.9624060150375939,91.0,1.0317733211560036
pick_up_the_black_bowl_on_the_stove_and_place_it_on_the_plate_demo.hdf5,demo_7,130,1,1,29,120.0,0.2230769230769231,0.9230769230769231,91.0,1.0446926625849926
pick_up_the_black_bowl_on_the_stove_and_place_it_on_the_plate_demo.hdf5,demo_8,139,1,1,34,125.0,0.2446043165467626,0.8992805755395683,91.0,0.956943249849824
pick_up_the_black_bowl_on_the_stove_and_place_it_on_the_plate_demo.hdf5,demo_9,145,1,1,31,132.0,0.21379310344827587,0.9103448275862069,101.0,0.9871264767970596
pick_up_the_black_bowl_on_the_stove_and_place_it_on_the_plate_demo.hdf5,demo_10,140,1,1,30,133.0,0.21428571428571427,0.95,103.0,1.0823426362861301
pick_up_the_black_bowl_on_the_stove_and_place_it_on_the_plate_demo.hdf5,demo_11,164,1,1,36,152.0,0.21951219512195122,0.926829268292683,116.0,1.0288065387520993
pick_up_the_black_bowl_on_the_stove_and_place_it_on_the_plate_demo.hdf5,demo_12,124,1,1,30,116.0,0.24193548387096775,0.9354838709677419,86.0,1.0369242237286436
pick_up_the_black_bowl_on_the_stove_and_place_it_on_the_plate_demo.hdf5,demo_13,138,1,1,32,127.0,0.2318840579710145,0.9202898550724637,95.0,1.0757336796510577
pick_up_the_black_bowl_on_the_stove_and_place_it_on_the_plate_demo.hdf5,demo_14,120,1,1,29,116.0,0.24166666666666667,0.9666666666666667,87.0,0.9499003886596206
pick_up_the_black_bowl_on_the_stove_and_place_it_on_the_plate_demo.hdf5,demo_15,137,1,1,34,128.0,0.24817518248175183,0.9343065693430657,94.0,1.0602665773479207
pick_up_the_black_bowl_on_the_stove_and_place_it_on_the_plate_demo.hdf5,demo_16,141,1,1,28,128.0,0.19858156028368795,0.9078014184397163,100.0,1.0653056647094359
pick_up_the_black_bowl_on_the_stove_and_place_it_on_the_plate_demo.hdf5,demo_17,152,2,2,27,39.0,0.17763157894736842,0.2565789473684211,12.0,1.1737690975912736
pick_up_the_black_bowl_on_the_stove_and_place_it_on_the_plate_demo.hdf5,demo_18,137,1,1,34,124.0,0.24817518248175183,0.9051094890510949,90.0,1.1224914164661017
pick_up_the_black_bowl_on_the_stove_and_place_it_on_the_plate_demo.hdf5,demo_19,128,1,1,28,119.0,0.21875,0.9296875,91.0,1.0046638920897206
pick_up_the_black_bowl_on_the_stove_and_place_it_on_the_plate_demo.hdf5,demo_20,197,2,2,36,89.0,0.18274111675126903,0.4517766497461929,53.0,1.3246210760253128
pick_up_the_black_bowl_on_the_stove_and_place_it_on_the_plate_demo.hdf5,demo_21,124,1,1,25,118.0,0.20161290322580644,0.9516129032258065,93.0,1.0482564758909607
pick_up_the_black_bowl_on_the_stove_and_place_it_on_the_plate_demo.hdf5,demo_22,128,1,1,31,116.0,0.2421875,0.90625,85.0,1.0108100377856857
pick_up_the_black_bowl_on_the_stove_and_place_it_on_the_plate_demo.hdf5,demo_23,126,1,1,31,117.0,0.24603174603174602,0.9285714285714286,86.0,1.0050632633043557
pick_up_the_black_bowl_on_the_stove_and_place_it_on_the_plate_demo.hdf5,demo_24,144,1,1,38,137.0,0.2638888888888889,0.9513888888888888,99.0,1.094467353277785
pick_up_the_black_bowl_on_the_stove_and_place_it_on_the_plate_demo.hdf5,demo_25,129,1,1,37,126.0,0.2868217054263566,0.9767441860465116,89.0,0.9127436455523985
pick_up_the_black_bowl_on_the_stove_and_place_it_on_the_plate_demo.hdf5,demo_26,168,1,1,47,154.0,0.27976190476190477,0.9166666666666666,107.0,1.1283243030437893
pick_up_the_black_bowl_on_the_stove_and_place_it_on_the_plate_demo.hdf5,demo_27,132,1,1,28,119.0,0.21212121212121213,0.9015151515151515,91.0,1.0262396138069672
pick_up_the_black_bowl_on_the_stove_and_place_it_on_the_plate_demo.hdf5,demo_28,140,1,1,33,127.0,0.2357142857142857,0.9071428571428571,94.0,1.1545157448582493
pick_up_the_black_bowl_on_the_stove_and_place_it_on_the_plate_demo.hdf5,demo_29,133,1,1,30,127.0,0.22556390977443608,0.9548872180451128,97.0,1.0936290953326375
pick_up_the_black_bowl_on_the_stove_and_place_it_on_the_plate_demo.hdf5,demo_30,135,1,1,36,126.0,0.26666666666666666,0.9333333333333333,90.0,1.060580086044142
pick_up_the_black_bowl_on_the_stove_and_place_it_on_the_plate_demo.hdf5,demo_31,140,1,1,33,127.0,0.2357142857142857,0.9071428571428571,94.0,0.9755095672646753
pick_up_the_black_bowl_on_the_stove_and_place_it_on_the_plate_demo.hdf5,demo_32,142,1,1,51,138.0,0.3591549295774648,0.971830985915493,87.0,1.049785409047011
pick_up_the_black_bowl_on_the_stove_and_place_it_on_the_plate_demo.hdf5,demo_33,133,1,0,26,,0.19548872180451127,,,1.0098886727504826
pick_up_the_black_bowl_on_the_stove_and_place_it_on_the_plate_demo.hdf5,demo_34,157,1,1,34,144.0,0.21656050955414013,0.9171974522292994,110.0,1.1812082626789215
pick_up_the_black_bowl_on_the_stove_and_place_it_on_the_plate_demo.hdf5,demo_35,167,1,0,43,,0.25748502994011974,,,1.0090495349936048
pick_up_the_black_bowl_on_the_stove_and_place_it_on_the_plate_demo.hdf5,demo_36,148,2,2,40,132.0,0.2702702702702703,0.8918918918918919,92.0,0.9446810794633029
pick_up_the_black_bowl_on_the_stove_and_place_it_on_the_plate_demo.hdf5,demo_37,128,1,1,28,115.0,0.21875,0.8984375,87.0,1.064687063493223
pick_up_the_black_bowl_on_the_stove_and_place_it_on_the_plate_demo.hdf5,demo_38,133,1,1,30,125.0,0.22556390977443608,0.9398496240601504,95.0,0.9404552531990736
pick_up_the_black_bowl_on_the_stove_and_place_it_on_the_plate_demo.hdf5,demo_39,128,1,1,32,120.0,0.25,0.9375,88.0,0.973267557581578
pick_up_the_black_bowl_on_the_stove_and_place_it_on_the_plate_demo.hdf5,demo_40,130,1,1,34,124.0,0.26153846153846155,0.9538461538461539,90.0,1.0376036159187452
pick_up_the_black_bowl_on_the_stove_and_place_it_on_the_plate_demo.hdf5,demo_41,129,1,1,27,114.0,0.20930232558139536,0.8837209302325582,87.0,1.0693915155732125
pick_up_the_black_bowl_on_the_stove_and_place_it_on_the_plate_demo.hdf5,demo_42,176,2,2,27,85.0,0.1534090909090909,0.48295454545454547,58.0,1.4295255050431936
pick_up_the_black_bowl_on_the_stove_and_place_it_on_the_plate_demo.hdf5,demo_43,170,2,2,28,61.0,0.16470588235294117,0.3588235294117647,33.0,1.3037219212863047
pick_up_the_black_bowl_on_the_stove_and_place_it_on_the_plate_demo.hdf5,demo_44,141,1,1,34,126.0,0.24113475177304963,0.8936170212765957,92.0,0.9687197224237669
pick_up_the_black_bowl_on_the_stove_and_place_it_on_the_plate_demo.hdf5,demo_45,142,1,1,25,128.0,0.176056338028169,0.9014084507042254,103.0,1.1349151286502097
pick_up_the_black_bowl_on_the_stove_and_place_it_on_the_plate_demo.hdf5,demo_46,180,2,2,32,73.0,0.17777777777777778,0.40555555555555556,41.0,1.1884391866324608
pick_up_the_black_bowl_on_the_stove_and_place_it_on_the_plate_demo.hdf5,demo_47,124,1,1,30,114.0,0.24193548387096775,0.9193548387096774,84.0,0.970021527691972
pick_up_the_black_bowl_on_the_stove_and_place_it_on_the_plate_demo.hdf5,demo_48,136,1,1,29,119.0,0.21323529411764705,0.875,90.0,1.0542193407064873
pick_up_the_black_bowl_on_the_stove_and_place_it_on_the_plate_demo.hdf5,demo_49,154,1,1,33,149.0,0.21428571428571427,0.9675324675324676,116.0,0.968306537082408
pick_up_the_black_bowl_on_the_wooden_cabinet_and_place_it_on_the_plate_demo.hdf5,demo_0,136,1,1,50,123.0,0.36764705882352944,0.9044117647058824,73.0,1.363300539851005
pick_up_the_black_bowl_on_the_wooden_cabinet_and_place_it_on_the_plate_demo.hdf5,demo_1,138,1,1,49,122.0,0.35507246376811596,0.8840579710144928,73.0,1.349970177835447
pick_up_the_black_bowl_on_the_wooden_cabinet_and_place_it_on_the_plate_demo.hdf5,demo_2,130,1,1,38,117.0,0.2923076923076923,0.9,79.0,1.2487057676773459
pick_up_the_black_bowl_on_the_wooden_cabinet_and_place_it_on_the_plate_demo.hdf5,demo_3,136,1,1,45,122.0,0.33088235294117646,0.8970588235294118,77.0,1.326804717544562
pick_up_the_black_bowl_on_the_wooden_cabinet_and_place_it_on_the_plate_demo.hdf5,demo_4,145,1,1,50,132.0,0.3448275862068966,0.9103448275862069,82.0,1.398977914557173
pick_up_the_black_bowl_on_the_wooden_cabinet_and_place_it_on_the_plate_demo.hdf5,demo_5,139,1,1,41,126.0,0.2949640287769784,0.9064748201438849,85.0,1.399735030316327
pick_up_the_black_bowl_on_the_wooden_cabinet_and_place_it_on_the_plate_demo.hdf5,demo_6,164,1,1,55,151.0,0.3353658536585366,0.9207317073170732,96.0,1.510594941864675
pick_up_the_black_bowl_on_the_wooden_cabinet_and_place_it_on_the_plate_demo.hdf5,demo_7,119,1,1,42,110.0,0.35294117647058826,0.9243697478991597,68.0,1.276210852450395
pick_up_the_black_bowl_on_the_wooden_cabinet_and_place_it_on_the_plate_demo.hdf5,demo_8,135,1,1,49,121.0,0.362962962962963,0.8962962962962963,72.0,1.291964482124961
pick_up_the_black_bowl_on_the_wooden_cabinet_and_place_it_on_the_plate_demo.hdf5,demo_9,173,2,2,46,68.0,0.2658959537572254,0.3930635838150289,22.0,1.6918043001541023
pick_up_the_black_bowl_on_the_wooden_cabinet_and_place_it_on_the_plate_demo.hdf5,demo_10,142,1,1,48,128.0,0.3380281690140845,0.9014084507042254,80.0,1.3679826871972005
pick_up_the_black_bowl_on_the_wooden_cabinet_and_place_it_on_the_plate_demo.hdf5,demo_11,131,1,1,39,116.0,0.29770992366412213,0.8854961832061069,77.0,1.289581445535367
pick_up_the_black_bowl_on_the_wooden_cabinet_and_place_it_on_the_plate_demo.hdf5,demo_12,126,1,1,41,113.0,0.3253968253968254,0.8968253968253969,72.0,1.2870510507598154
pick_up_the_black_bowl_on_the_wooden_cabinet_and_place_it_on_the_plate_demo.hdf5,demo_13,134,1,1,37,117.0,0.27611940298507465,0.8731343283582089,80.0,1.3424903495580145
pick_up_the_black_bowl_on_the_wooden_cabinet_and_place_it_on_the_plate_demo.hdf5,demo_14,136,1,1,48,121.0,0.35294117647058826,0.8897058823529411,73.0,1.347381773567888
pick_up_the_black_bowl_on_the_wooden_cabinet_and_place_it_on_the_plate_demo.hdf5,demo_15,193,1,1,40,114.0,0.20725388601036268,0.5906735751295337,74.0,1.5539272765273737
pick_up_the_black_bowl_on_the_wooden_cabinet_and_place_it_on_the_plate_demo.hdf5,demo_16,142,1,1,49,134.0,0.34507042253521125,0.9436619718309859,85.0,1.3601644025820439
pick_up_the_black_bowl_on_the_wooden_cabinet_and_place_it_on_the_plate_demo.hdf5,demo_17,182,2,2,56,125.0,0.3076923076923077,0.6868131868131868,69.0,1.425638815276431
pick_up_the_black_bowl_on_the_wooden_cabinet_and_place_it_on_the_plate_demo.hdf5,demo_18,133,1,1,43,120.0,0.3233082706766917,0.9022556390977443,77.0,1.3028437016995351
pick_up_the_black_bowl_on_the_wooden_cabinet_and_place_it_on_the_plate_demo.hdf5,demo_19,135,1,1,42,120.0,0.3111111111111111,0.8888888888888888,78.0,1.3300562867131716
pick_up_the_black_bowl_on_the_wooden_cabinet_and_place_it_on_the_plate_demo.hdf5,demo_20,137,1,1,51,125.0,0.3722627737226277,0.9124087591240876,74.0,1.3838925391273138
pick_up_the_black_bowl_on_the_wooden_cabinet_and_place_it_on_the_plate_demo.hdf5,demo_21,137,1,1,46,124.0,0.3357664233576642,0.9051094890510949,78.0,1.2656686182195553
pick_up_the_black_bowl_on_the_wooden_cabinet_and_place_it_on_the_plate_demo.hdf5,demo_22,145,2,2,45,121.0,0.3103448275862069,0.8344827586206897,76.0,1.3180877031314515
pick_up_the_black_bowl_on_the_wooden_cabinet_and_place_it_on_the_plate_demo.hdf5,demo_23,140,1,1,41,126.0,0.29285714285714287,0.9,85.0,1.3594193336864335
pick_up_the_black_bowl_on_the_wooden_cabinet_and_place_it_on_the_plate_demo.hdf5,demo_24,124,1,1,39,116.0,0.31451612903225806,0.9354838709677419,77.0,1.2254966961103066
pick_up_the_black_bowl_on_the_wooden_cabinet_and_place_it_on_the_plate_demo.hdf5,demo_25,141,1,1,39,123.0,0.2765957446808511,0.8723404255319149,84.0,1.2653311516640628
pick_up_the_black_bowl_on_the_wooden_cabinet_and_place_it_on_the_plate_demo.hdf5,demo_26,143,1,1,48,126.0,0.3356643356643357,0.8811188811188811,78.0,1.43565189771005
pick_up_the_black_bowl_on_the_wooden_cabinet_and_place_it_on_the_plate_demo.hdf5,demo_27,124,1,1,46,119.0,0.3709677419354839,0.9596774193548387,73.0,1.2397401988651708
pick_up_the_black_bowl_on_the_wooden_cabinet_and_place_it_on_the_plate_demo.hdf5,demo_28,141,1,1,42,128.0,0.2978723404255319,0.9078014184397163,86.0,1.3031864606125467
pick_up_the_black_bowl_on_the_wooden_cabinet_and_place_it_on_the_plate_demo.hdf5,demo_29,122,1,1,40,111.0,0.32786885245901637,0.9098360655737705,71.0,1.2868171840915887
pick_up_the_black_bowl_on_the_wooden_cabinet_and_place_it_on_the_plate_demo.hdf5,demo_30,132,1,1,49,122.0,0.3712121212121212,0.9242424242424242,73.0,1.3140491554932106
pick_up_the_black_bowl_on_the_wooden_cabinet_and_place_it_on_the_plate_demo.hdf5,demo_31,125,1,1,42,116.0,0.336,0.928,74.0,1.2692001180583345
pick_up_the_black_bowl_on_the_wooden_cabinet_and_place_it_on_the_plate_demo.hdf5,demo_32,130,1,1,45,116.0,0.34615384615384615,0.8923076923076924,71.0,1.328487952336036
pick_up_the_black_bowl_on_the_wooden_cabinet_and_place_it_on_the_plate_demo.hdf5,demo_33,144,1,1,53,137.0,0.3680555555555556,0.9513888888888888,84.0,1.45414386105258
pick_up_the_black_bowl_on_the_wooden_cabinet_and_place_it_on_the_plate_demo.hdf5,demo_34,145,1,1,51,126.0,0.35172413793103446,0.8689655172413793,75.0,1.4246347882834076
pick_up_the_black_bowl_on_the_wooden_cabinet_and_place_it_on_the_plate_demo.hdf5,demo_35,125,2,2,37,116.0,0.296,0.928,79.0,1.2390898444010747
pick_up_the_black_bowl_on_the_wooden_cabinet_and_place_it_on_the_plate_demo.hdf5,demo_36,133,1,1,52,120.0,0.39097744360902253,0.9022556390977443,68.0,1.272008539878425
pick_up_the_black_bowl_on_the_wooden_cabinet_and_place_it_on_the_plate_demo.hdf5,demo_37,138,1,1,52,133.0,0.37681159420289856,0.9637681159420289,81.0,1.3806882258552167
pick_up_the_black_bowl_on_the_wooden_cabinet_and_place_it_on_the_plate_demo.hdf5,demo_38,140,1,1,54,126.0,0.38571428571428573,0.9,72.0,1.338189493843338
pick_up_the_black_bowl_on_the_wooden_cabinet_and_place_it_on_the_plate_demo.hdf5,demo_39,127,1,1,42,113.0,0.33070866141732286,0.889763779527559,71.0,1.2731000794574312
pick_up_the_black_bowl_on_the_wooden_cabinet_and_place_it_on_the_plate_demo.hdf5,demo_40,139,1,1,47,123.0,0.3381294964028777,0.8848920863309353,76.0,1.3820759153005648
pick_up_the_black_bowl_on_the_wooden_cabinet_and_place_it_on_the_plate_demo.hdf5,demo_41,128,1,1,48,118.0,0.375,0.921875,70.0,1.372896649807177
pick_up_the_black_bowl_on_the_wooden_cabinet_and_place_it_on_the_plate_demo.hdf5,demo_42,132,1,1,45,119.0,0.3409090909090909,0.9015151515151515,74.0,1.238729839259115
pick_up_the_black_bowl_on_the_wooden_cabinet_and_place_it_on_the_plate_demo.hdf5,demo_43,128,1,1,44,115.0,0.34375,0.8984375,71.0,1.2253689840428976
pick_up_the_black_bowl_on_the_wooden_cabinet_and_place_it_on_the_plate_demo.hdf5,demo_44,131,1,1,43,118.0,0.3282442748091603,0.9007633587786259,75.0,1.3056529376039903
pick_up_the_black_bowl_on_the_wooden_cabinet_and_place_it_on_the_plate_demo.hdf5,demo_45,130,1,1,49,117.0,0.3769230769230769,0.9,68.0,1.2929785447231885
pick_up_the_black_bowl_on_the_wooden_cabinet_and_place_it_on_the_plate_demo.hdf5,demo_46,139,1,1,46,127.0,0.33093525179856115,0.9136690647482014,81.0,1.3251876639925155
pick_up_the_black_bowl_on_the_wooden_cabinet_and_place_it_on_the_plate_demo.hdf5,demo_47,136,1,1,52,123.0,0.38235294117647056,0.9044117647058824,71.0,1.3670057035260497
pick_up_the_black_bowl_on_the_wooden_cabinet_and_place_it_on_the_plate_demo.hdf5,demo_48,117,1,1,39,108.0,0.3333333333333333,0.9230769230769231,69.0,1.2409886130935401
pick_up_the_black_bowl_on_the_wooden_cabinet_and_place_it_on_the_plate_demo.hdf5,demo_49,138,1,1,47,129.0,0.34057971014492755,0.9347826086956522,82.0,1.3862763995101515
